comp_1,comp_2,comp_3,comp_4,label
-3.4594875128903455,-7.043909800922461,-1.822921021628503,0.5239435851126956,a
-5.67714865907739,-9.831359509501773,-0.8465354673113774,0.047209331311954345,a
-5.4181190098611465,-9.14087230383577,-1.4175403141782217,-2.186733453836391,a
-5.829255201247009,-9.592096834388643,-0.9918877098486829,-0.5971900144171344,a
-4.313246653490947,-10.039657186741797,-0.5992054303315233,-1.2042366145266927,a
-3.9330441033886565,-10.501945840405824,-2.5214319130960043,-0.03359253896372851,a
-3.638359018393853,-1.488112806895966,3.3684249634607992,1.3265681590826228,a
-4.175705272870241,-10.36497622294784,-1.3200138023043697,-4.288178877906587,a
-4.794193003986669,-9.179850382862282,-0.48109873617915316,0.3355766994371753,a
-2.1130800778274685,-9.087663497653132,0.0428921441981057,2.093495195954117,a
-2.554752254912162,-6.736235322297718,2.371254950139584,-0.9008252196175826,a
-3.8485851296709908,-8.83180128997554,0.9092312095037103,-2.0539755388763115,a
-3.445435800398626,-10.285227634445581,-1.6302896718883804,-1.5146364739802385,a
-2.05310550174225,-7.441872056209696,-0.8378471234109387,-2.7658020022662857,a
-4.802628917435595,-13.070494303390788,-5.273224344969086,-2.137525239025833,a
-3.3675083141186266,-7.540188893184936,-1.1775098006162361,-0.7147279661192548,a
-2.6236337271547407,-7.625428637083903,-0.6838689212691065,-0.43451968703972266,a
-3.368687950395207,-10.072974387406447,0.35544155877808437,-1.1392756096600236,a
-0.64003818729731,-10.419191015558873,0.7699701140190922,-0.8341226961853344,a
-2.371713927017767,-9.62535512850293,-0.28124468425905,0.3289570644285735,a
-3.2673651057979622,-10.735052379901667,-0.08086296203809133,-1.0926018666377213,a
-2.5470184187815526,-9.099121973039457,-3.0449654258950583,1.3371844800080925,a
-3.7175038074695403,-11.575044562116814,-2.7022465989664313,-0.7211772811971612,a
-4.265291492883641,-7.915541948474005,-1.2959709343696368,-1.2164679327148171,a
-3.0434342652507542,-12.16767243724885,-2.375928422727062,-1.4642843540397368,a
-3.203582440558938,-11.288806000238077,-0.6726745166729203,-0.8424111223751971,a
-2.5496396576297182,-8.357945313516264,-1.8842039790558665,0.299981848399262,a
-3.499117274348012,-12.005114507329216,-4.03786106723815,-2.0546161459700203,a
-2.5990489826977248,-10.01039094221562,-2.1325043744938905,3.0171626362195987,a
-1.885058239449799,-2.82580163922201,2.464189199631695,0.24191245683074433,a
-3.16771840925541,-5.521560853916958,0.4307341306459825,0.005923688487326394,a
-2.8493535761554063,-1.0892230491144432,1.0097761417360105,2.114914516496119,a
-1.1312601848209871,-5.311573812331514,1.1366309129202419,-0.20828489899073843,a
-2.7152223873845243,-9.318885527966351,-0.3909459914863959,1.357513686129989,a
-4.244434600518123,-7.142199180371762,1.5324950147220515,-1.6557138163389764,a
-5.421654044152191,-5.03884170387172,2.8268968994348658,-0.3219389761675117,a
-4.645680118608435,-7.800700421423114,-2.1188197228973586,-1.8818962677082578,a
-2.894353261316451,-5.628443935155501,-0.015000708734948527,-0.13845226440480368,a
-3.291488378573985,-2.851305002910661,3.5626329780893338,1.9849043705947715,a
-2.135723370227621,-12.194336340866705,-1.7641561735744429,-1.4510063018352455,a
-4.594407588852188,-11.052078601995007,-0.30776479231181986,-1.1606222765015501,a
-1.7742032170160993,-9.707283526453327,0.9287370635376108,-0.011624730377260056,a
-3.0177526010560487,-11.260202816317175,-0.10193554901262263,-1.9533271574570121,a
-2.6882559911716326,-12.02398123440929,-3.0346121733867983,0.3195210070204772,a
-4.041371996330589,-5.636229536788418,0.29907910797669995,-1.1678622115611705,a
-0.5229134426977808,-9.080974758530706,-1.9549377363400975,-0.01910811378298629,a
-3.107269459673961,-8.340975802415139,2.254542046896391,1.1942993953746235,a
-6.364997894651142,-7.834950732149089,2.31956619004804,1.167347710893815,a
-1.3000225439256166,-8.3111841244487,-3.3315796735662184,1.466844695229275,a
-3.8141126519000896,-6.56062347304754,4.2044246498057865,-1.1622257557734206,a
-4.257161696595484,-8.84054930115161,1.1751886064088017,-0.5394635349484197,a
-3.84214625338072,-9.036028419643644,2.511296281273668,2.9988786806190593,a
-1.1077580854616287,-7.946598963279173,0.39657634738354275,-2.3845466583353234,a
-2.8455954693444645,-11.167710992644016,-2.2873902741671674,-1.891057016089135,a
-3.6159399539296277,-6.110729359774455,-2.7856105587565665,1.5720453949211626,a
-2.3276159705188957,-11.838407331220456,0.5138318601719338,-1.2359679518211402,a
-2.6939957567211055,-11.728874084443765,-0.34575260090854715,-0.1624628470706661,a
-3.4605190609044194,-8.661962442382501,0.822663301646143,-1.432884848617035,a
-0.6894426825102379,-8.135290368457119,1.1271739666618075,-1.7903381595148886,a
-2.6414283331882396,-9.754460933918395,1.223183631714913,-1.652432788118252,a
-3.9345933168436917,-10.607915258095442,-2.293864697622508,-2.092648102874771,a
-2.324510890610099,-5.832306409032265,3.531189045150982,2.5716093082977407,a
-1.604338580099911,-11.412005699424318,-2.546024425779618,0.4632536770868464,a
-1.6734502657306727,-10.361521365118309,2.462923259147764,0.6574313387553912,a
-5.240992643263031,-9.12279706054599,-2.068605555932249,0.38105281382429324,a
-2.8668543352784868,-7.490953934249809,1.0116279903572267,0.8856569988353699,a
-3.2871920723265275,-6.74761769982595,3.1530669188927662,0.38847400486066286,a
-3.921910944050488,-5.9931503464623805,1.421649201591943,-2.029379141184789,a
-3.3030384962521473,-7.875833242709658,1.3310635452975876,-1.6190614590513537,a
-3.968913464902462,-1.797825600361906,2.0647073670005294,1.2070351475546997,a
-3.1753482460576112,-10.547508197142415,1.2353200219543696,-1.8612906206101127,a
-2.125358160883141,-4.659745533608212,3.778137165431701,-0.8301831449158272,a
-3.722144073116406,-5.759754724997262,0.003806954845879884,0.34652702131628826,a
-3.1364008082795753,-9.336498855926788,-1.6497489591981633,-0.06907143550613669,a
-3.9400929538811753,-6.123159741026706,0.10065801917459133,0.2152691906762809,a
-4.442701677624737,-1.939220327760433,-0.8770656792277017,-1.329669259852303,a
-4.931323725334697,-8.952403387071069,0.7792274084355078,0.5748066064392108,a
-1.7891407430500543,-8.535599372860785,-1.6456985205095356,-1.179506836855903,a
-1.7883600689788033,-5.803122656572384,1.3159377720578167,0.7807869953787645,a
-2.9752182086577674,-7.020426528493184,2.334971284349703,1.6141870711669402,a
-4.289718614687555,-7.034510594593882,1.399385738066227,-0.4258186396917382,a
-3.9914547461018266,-12.810522168462178,-3.044957658357453,2.091308408937005,a
-2.102465051060638,-8.753168471396425,1.3982825857473813,-1.4602987089158577,a
-3.3718018606448883,-10.531108339912025,1.5657723218642712,1.8258797415877752,a
-4.087230085725935,-6.70846041760891,1.622384213649439,0.11353635511999435,a
-2.9135731531314577,-5.7460522302800205,0.07146185344054722,-2.736816558812596,a
-3.289918411182172,-8.689116838525281,0.36836981531149915,-0.33334404373817283,a
-4.597833492809995,-8.44747510758712,-0.7124706670507537,-0.8897853661356451,a
-2.7784256008859196,-10.09771533027863,0.3402768665351312,-0.8172924322690288,a
-2.573547105548818,-6.510690308504655,1.2589263003305702,-0.11714527075039634,a
-5.490946224612328,-6.932100521424839,2.8469559579737327,-0.5190857714198435,a
-3.040420067043071,-7.081994393104256,0.7339222676090522,-1.6573459197357507,a
-4.087396197890519,-10.351275758533262,-1.473031326931686,-0.19598998276453886,a
-3.4164450083854985,-2.2257647456477256,3.7994866605881854,1.4743274558849193,a
-2.4319718415985863,-11.337758221482447,-2.266546896898225,-1.8021403588396705,a
-2.504656644729957,-4.006522521134801,1.8418793393889858,-0.7866553798116224,a
-1.6669220424502278,0.41948750962060516,2.5730525911626163,2.309356076916654,a
-6.367067379156773,-12.345424384806263,0.335420825914269,-1.5997835010232726,a
-2.094056691960271,-11.923698695955013,0.7918157132431674,2.217150695866619,a
-3.253887718392089,-5.886012835237031,1.0572108102873616,-0.992613220811709,a
-4.431438558646687,-2.213297572459627,-0.5206523335773948,0.4833506927115527,a
-3.2495501890255016,-9.72257613341417,-1.518401404980203,0.37191193511017445,a
-1.3112375818795672,-8.356073657029603,-1.0158074009710165,0.4217972722139795,a
-3.498225863451569,-6.388299450822192,0.23786629796255784,0.9576392847346644,a
-4.093157395447595,-6.829288101577055,1.2428778822551836,0.9702789474339599,a
-1.5074083212116862,-12.833301852583096,-3.959335544971018,-2.1133279908617815,a
-1.2165785985351143,-9.7195948039815,-0.39958279053948337,-0.5172533837625298,a
-2.490117932872086,-5.708638859020255,1.2730710884979395,0.285819003214085,a
-2.59429075942217,-5.382118101584266,-1.023960765317754,1.804248517201015,a
-2.149649055649899,-7.3709555264582,-1.1012682102407745,-0.6498263058553858,a
-3.990974231858147,-9.524700876320155,2.7763223886366615,3.2529835770879982,a
-1.326150742712265,-8.675378688527417,2.1116351358106127,-1.214909263327673,a
-1.172988551973189,-9.79853395992757,-0.8332029011830607,-2.208687561732034,a
-4.01225353912117,-7.504872428902596,-1.1377627162755015,0.46021713462885644,a
-3.2388553894828083,-10.87807570994164,-2.060112332661076,-1.0706318425472765,a
-1.5510482263026368,-11.664844342511582,0.21091968902293978,-1.6518140876411243,a
-1.824897544748204,-7.226941216237729,2.060613092828338,-0.963382439795775,a
-1.6374570061209381,-8.82198845259525,-0.49411112637878996,-0.11717856425091254,a
-4.201323679895605,-2.322588897508536,0.3387560568339874,-1.2521526445078042,a
-3.6574902115388315,-6.036885735404678,-1.089131342061989,-0.4267773199808454,a
-2.9658130076820464,-9.011357432144388,-1.2046648547076868,1.7331204464460108,a
-4.224976507751533,-2.0180514717888958,2.0339275974137574,-0.6116136427182658,a
-1.1875697538602625,4.022601443590737,-4.45748345384702,1.6505236353321298,i
-2.8305524742958594,3.688631323563724,-6.410274548735593,0.21446949723886793,i
-2.5766172716352274,3.6971897036648196,-5.991137182644263,2.010491302690207,i
-3.6113427150921114,4.296134993495621,-4.873188634056151,1.9566162710475579,i
-2.523617388402962,2.8633032343726637,-5.071302966887042,2.6109399928307337,i
-1.9491567015397684,1.2896489354295824,-7.62328138066741,2.3765684531979256,i
-0.9067381846780543,1.2210012036231859,-3.1849740547308687,0.8504134300599776,i
-2.2275258113584124,3.2186748047113065,-7.034970340731136,1.949961294394984,i
-0.007486730624076872,1.0386749432144151,-5.431098294720598,1.8735795888551425,i
-4.464223774446032,2.4859804894791586,-7.590974080364632,1.109576563969022,i
-3.807081452724749,2.4683716800381172,-8.846845061146636,0.8204264112433867,i
-1.3735550929127498,3.0115905071376585,-5.0604067279480525,1.3757597616564028,i
-2.6874573793298877,3.628657964228782,-8.131652019352071,0.7996880274783289,i
-3.8576237326406893,4.825062763463024,-6.212281367920037,2.2448178615158807,i
-2.158175952250501,1.2390802408687394,-7.287379788988238,0.0640062840193459,i
0.4361668716073252,-1.763112876866294,-4.8048766345713965,0.1254228330619804,i
-1.9842941089489543,2.417870506358873,-8.236713006842747,0.7456860038907148,i
-2.4260295442078443,0.3773335079772735,-6.339479586505903,1.739222077018762,i
-2.2735009270113946,1.055901567648457,-6.583714868956959,2.5944353956047412,i
-2.073897850689632,2.195453891225821,-5.902188648402608,2.15400519533907,i
-2.194516931450893,1.4737308882170213,-6.055638077684584,3.0005773115350136,i
0.1157089969095377,0.16395341456868712,-3.256783859937039,1.0358776985288545,i
-2.9580229237562756,3.083077443142317,-6.2581010874948495,2.2698371449202406,i
0.0015575472247050227,4.227472677107661,-6.225889196836182,2.9070372316854636,i
-3.3764339540282307,2.902353385514841,-5.169123132464865,2.0381067138981432,i
-0.010497383557426314,2.787979289032299,-4.208720911248387,1.6383878654873303,i
-2.553854634074939,2.6632671040174962,-2.962597816281955,3.516190759864483,i
-3.947630489364908,4.160047678673786,-5.193562342070154,0.17698085167030425,i
-2.717183860957125,1.8647920851514057,-5.290469159757996,1.5855627166952597,i
-0.9286697754401236,1.506747973427217,-4.031033428747157,2.2534345626914667,i
-3.6903388222879356,0.8610188124834885,-8.421464498441438,1.8771854129677163,i
-3.14930923123989,2.033095837938582,-7.0295373128230905,1.8660838390127445,i
-1.4802590793984352,1.0833672775159986,-6.222648069450327,0.9590181104055718,i
-2.0332006398898477,2.5214025210124054,-5.659285434231953,3.3820511668231794,i
-3.387036630397188,1.3016930154980557,-4.691544904150551,2.738299875432425,i
-2.08600409319289,2.4058211214487204,-7.427042891194586,-1.0121260993511916,i
0.32693390449590054,3.00513796200435,-1.924525449057579,-0.7190418121456987,i
-1.350994440947561,3.735869294465333,-7.920062198598515,0.9827149575942031,i
-2.185794226072294,4.385770101160374,-4.563926265988924,1.0397450131546664,i
-1.3648080502444464,0.3296012974456338,-5.009182949983804,1.7157488165187653,i
-2.2334807741103293,0.9939066093759212,-7.116762822086479,-0.45045361244073795,i
-2.010220290735472,3.571031377925775,-5.538770195904167,2.141446763950822,i
-1.1307700728851766,2.8769337099766905,-5.459320497439878,2.643899576559063,i
-2.661976978608342,2.2160093561512593,-6.230126836177448,1.542016001395312,i
-3.3189357400343726,0.46232561300742403,-6.070658810959484,0.1471788212191136,i
-1.5656652459383111,5.218362018705121,-6.793463817437454,1.95178876612009,i
-3.094368893970707,3.518296089446198,-0.95792752325863,2.8754149867980514,i
-3.096077270670623,5.028056048583062,-3.6672437525118107,2.012358235752463,i
-1.6431604868728855,1.1412822786500356,-6.237235137745783,0.6641224334186242,i
-1.6785301486190611,2.994259621857724,-7.434613642405551,1.882417025302754,i
-1.7915896311170885,1.1132144008652705,-9.510842840520509,-0.37089302278292696,i
-2.494687153597502,3.8025683766606617,-3.701834373581462,1.9314607758739342,i
-2.5657099956754696,1.502221045063266,-6.286840478090523,3.6336685458649622,i
-2.501717887820928,0.9009473841123113,-5.767408583035115,-0.5159652823883828,i
-2.5506079088850777,1.942601547046884,-9.488968419960367,2.178670407217625,i
-1.1483114832002288,0.822956676365972,-3.4783194285021777,2.629041102550951,i
-2.5221390057965953,3.6985274456064237,-4.107692586636047,3.5052894070738483,i
-3.142081256822696,0.8048244703048875,-4.46861445190755,3.0310961432395542,i
-0.7144087218121681,2.868727536144307,-3.0212282774763257,2.622500064790683,i
-0.5201277507265469,1.6089735193718042,-5.545718806125702,-0.10541127748031763,i
-4.9789866054702046,1.901313736489694,-4.720645157011648,2.051422259005411,i
-1.2422586097836916,1.3303730266664913,-3.9712353082876213,-0.3618331688767577,i
-3.74203373944362,2.9391955952902546,-2.9432201486650142,4.686863906923086,i
-2.6209631091669694,1.8729925806957417,-5.93129716873388,0.04801733216562133,i
-1.6499239457562278,2.9021380791440228,-4.191684348183926,2.6075310891509482,i
-2.63231670598819,1.1657481946493873,-6.00734936243029,3.212465191453651,i
-2.060754541037883,4.956359994951914,-5.641645275046636,3.8568797509516863,i
-0.668827669333718,1.705558820829158,-8.112873140028015,0.007599909916518914,i
-1.809598440446496,1.5281991043307062,-1.8340672076582971,4.807029243618363,i
-1.1477912021856467,0.8924808191910951,-6.009678695672212,1.7648342434609066,i
-1.357850333535392,2.881133272397978,-6.913398856295304,2.1595217585811257,i
-3.164643213123604,2.7464629493619683,-5.833062149636924,1.7640845130148837,i
-2.1590795523310935,1.5934925685830372,-9.881493655838337,1.272750128065273,i
-1.3803334758924422,2.8457503587781883,-8.955596460990346,1.1796615899924539,i
-1.6180411219819695,3.27123312976772,-5.641500516570423,0.02130349206534687,i
-1.4317549442631925,-0.5438638051686466,-3.146030954991654,3.311288315995763,i
-2.0879748015518387,4.801112555505533,-4.293663277211338,3.443061396969118,i
-0.6676621752932347,1.4582903825138849,-3.2203999098498546,5.099147968282603,i
0.4786414643803936,1.5990403218115572,-4.827143670437732,0.1569766449470019,i
-2.961916214645961,4.582919594260787,-4.586276774923541,2.1268992039253383,i
-2.0832401762529345,4.823019384346971,-7.506666143539286,-0.8749544726802342,i
-3.0701441674357475,3.4901849381621846,-3.30228427975302,4.12918035128825,i
-2.0965746652586374,-0.05660956177500004,-8.161728075739285,4.186772626552698,i
-1.968509650121316,4.2021573183043515,-6.185424506209836,0.5334228966720237,i
-3.16315969507613,3.1161508222807037,-4.493434689471247,3.384105691414765,i
-0.9291639728489807,3.1226949418569605,-6.777716985141266,2.1609011842462493,i
-2.1825618586193496,1.1015948329165266,-5.001769844026857,1.7560041740164485,i
-0.783374950638162,4.188416878739901,-3.956769415927094,2.879306800116905,i
-2.075614057545704,1.606230522637708,-7.996478609372911,2.755500743590107,i
-2.132466909104634,1.2094141258612816,-5.669637080639611,3.4281785532026725,i
-1.5527776664521666,3.1344315913856113,-7.453970160567795,2.2882009771633682,i
-3.659238168111685,-0.8379004957368116,-5.815935106769245,3.0822806695983482,i
-2.669533209242459,2.131800941090534,-4.484556321999242,2.7130434297039714,i
-2.493405137877993,3.1228532669754574,-5.234895944392614,3.424306482990487,i
-1.6562030572337938,3.162504783793655,-6.489066940398058,1.315973196729338,i
-0.8369075201646163,2.9573896481309574,-4.133064090594303,3.961569946134282,i
-2.910906155404726,3.0877297748484014,-4.021666433787488,1.1976449107559946,i
-4.148790829288235,2.6254487393037187,-4.8541140533665565,2.6519209609782957,i
-1.2420678544159418,6.162048130466949,-5.014998613314837,0.19258897285944698,i
-3.320259034072502,3.196433240301691,-5.5398247306086015,1.4102768352538666,i
-3.950655082382901,2.941826342671891,-7.984353205740482,2.2480504957872256,i
-2.6410287729070903,5.8550584430932675,-4.4185521713024105,2.9622094029194064,i
-3.384347486972732,1.8788074344212022,-6.866472985577242,3.851897984860924,i
-2.2169165636111585,2.607877357723514,-3.781491002726171,3.977670622273598,i
-2.8424534554966976,2.815018283147816,-4.7117256188298615,3.000618553490794,i
-3.7496020673376065,2.9150319774031757,-5.896308370338218,2.3903383468941315,i
-3.027138702587769,0.6443075498575597,-6.978005527658927,1.5139508491765477,i
-1.5318716034390512,-0.5891016521572308,-8.33550995261485,3.1823573588167497,i
-3.8850633997019757,3.533581804097824,-5.336595433979796,1.0397639281281683,i
-2.234471844862828,3.8054909012140885,-2.0073075183688522,2.8046671891379593,i
-1.2759010293852409,4.008913495616296,-2.6198879882850554,2.6491679528053003,i
0.35851020335908257,2.830675256132888,-3.506249434357752,0.0458040765634761,i
-1.5522905586727187,4.65636205727088,-4.2887315879639285,1.0344126033138765,i
-1.185898489683591,6.654024806934368,-0.9266869125551366,3.855577462187682,i
-2.0239114357035377,3.238889207405423,-8.828452423617167,2.8093303035976835,i
-0.9413632268976608,6.6209534379602255,-2.9702861289159697,4.121848308501307,i
-1.5857908964674077,3.7822662991927882,-7.028313075406251,1.1019959101541767,i
-0.823261625412197,6.6532342042191,-2.0680662514865324,0.046640822994752834,i
-0.9710054532823356,1.7366343664055661,-7.025355304732495,1.8557372864943393,i
-1.5724282426022522,4.740695778222584,-4.465629353002268,3.8561386768927965,i
-1.4203959036841336,5.246371242659276,-5.380492711450655,1.8333962058123756,i
-1.5517075527113693,1.2096748031800857,-5.180479579791875,2.0212445095788767,i
-7.528304815952533,1.673477866563624,1.5537140074848488,-4.247772001359591,t
-5.67385703231065,2.236741260196902,2.535903587028918,-2.979077145039554,t
-8.086712365544061,0.35691128681522105,1.871035060807899,-3.601795706537363,t
-5.23233090531083,2.951143177791456,0.7393038732061876,-4.105231158399708,t
-8.130334082489766,1.3758521156465058,0.5008966896788084,-2.2089274558806604,t
-8.338691487760993,0.9289228862424119,1.7947799200936259,-1.6981313712821744,t
-6.710485471712463,2.0419637224927083,0.38306929877277673,-1.3181148402816196,t
-6.724867630663027,2.7135237226815296,2.7942162622057833,-3.1306220663951443,t
-5.0889174390945024,1.271400247171113,0.8624795338820997,-3.679337370105498,t
-6.076701830377329,0.8130713190761915,-0.7986017521575933,-3.0561116369745247,t
-7.970486598740944,2.2798018213109232,1.9767168924105771,-4.192131576919158,t
-5.5372996429930605,3.4250328801998884,1.5098124199906666,-5.869711604854753,t
-7.83822000633442,0.1792233084753973,1.4912587438105858,-3.199721631167928,t
-7.609704565648645,0.7559149128684711,2.804309613735273,-3.350601700952042,t
-8.251992200461647,1.974082921118394,1.818951795480817,-1.7245040324068845,t
-6.6424089588286686,0.6246109623753776,1.2336006851863859,-2.8015300615418512,t
-9.499564567639611,2.597678572552623,1.7826442263488973,-3.5514925585556165,t
-7.377208578902975,2.9999686453121077,1.4408428287658925,-2.389815711075173,t
-5.555574654148561,2.115629352562804,2.2596374639357726,-5.175349652473251,t
-4.744706798938234,2.4425021906046385,0.33860759861054107,-4.048882202432941,t
-7.309039170801384,2.4347126525075,2.511053852870399,-1.2610329451575242,t
-8.202039485003041,-0.3592294923042482,-1.0113008827451366,-2.5172243763376443,t
-7.093223340530553,2.359039978916908,3.591590006185053,-2.843481996664444,t
-5.098236347891693,1.9468953122548314,1.7024901149285605,-3.520295132224381,t
-8.852859895015827,1.3578164169587996,0.9909738931565855,-4.390889042064056,t
-6.853906050730141,4.476512713098079,3.851193585990804,-1.7490017079472429,t
-6.259912771509664,3.740483357275298,1.7457664594295845,-1.6563934339184547,t
-6.0466436443620095,1.1817073024546443,3.836438604737713,-4.786014323279728,t
-7.657347258335827,1.1626875851474952,2.2500933633713314,-4.986422959336595,t
-6.5582292721398225,1.5384872758544959,-0.6094012696969106,-2.133396031575621,t
-6.226902288497899,3.646981256215114,-0.13680509926073423,-2.31778974118507,t
-6.859670571811748,1.6207748704554334,1.0871231263576897,-1.318487407151839,t
-5.314771948510572,2.68430569062618,3.254628911028003,-5.282733134823107,t
-6.881350709916214,4.243375460320285,0.17606253228224386,-2.911865572102549,t
-7.729223989615754,1.5602403196884589,0.09914822368052141,-2.0921787199845836,t
-5.654246625396137,1.724312042013491,1.9192775333790195,-1.7516727598189126,t
-6.796501911006339,4.760799517367251,2.0662359083018305,-0.9533335437622653,t
-7.739127259647564,2.351779702290704,2.098412186595045,-0.9913902613059443,t
-7.222533298913818,2.572622038835382,1.7176067667909518,-2.6207087696856997,t
-6.277553065636898,4.876898209807477,1.3444002138033755,-2.5419153158871035,t
-6.241127528672333,1.0424383244277642,0.6976587975183083,-5.560743934788652,t
-6.066002650762879,4.821070320426929,2.8100019270567724,-1.6660013517736911,t
-6.208013861479336,5.204386120462744,1.0619630990516142,-3.4880120398902825,t
-5.166448782544612,-0.8476058219490884,0.9800228063730486,-3.4189813893658036,t
-9.239710146966512,0.4615980150160815,2.352773392055088,-2.1792698030247597,t
-4.968322286728886,1.3711056344338508,1.5181909806674443,-4.545134077544468,t
-6.465951338556559,1.1488179032982373,1.8690690526781668,-3.6249107925185857,t
-7.060215175168592,5.01717139253636,2.881670993248891,-2.653274956866901,t
-8.017435522092166,0.6118330001485114,3.490394479603556,-5.295918363954977,t
-7.372452080807622,3.8120776929471383,2.5720712391150498,-3.035014042364394,t
-5.496381667166346,2.093726465769998,1.2060251348646565,-2.665625692662831,t
-6.660311590035951,4.976336260258038,2.6449781214130867,-2.0231202269085693,t
-5.268840832118048,1.460244729548197,0.1349841423124539,-3.4986338885477255,t
-7.203510644211406,2.772111561660875,1.3683150269523157,-3.1254801011995204,t
-6.594136789468768,2.1754216512454705,0.7630428569393253,-3.3232768976762754,t
-8.400142927347925,6.876085176163194,2.366740038043651,-1.1445009063794729,t
-5.748840502766417,-0.0017274049617194355,1.9772618702832117,-4.420545995410278,t
-5.868390593903873,3.6457280556683127,0.1412956150197366,-1.7058774580416036,t
-6.861990878909505,3.2277188761181352,2.4641355914460443,-2.405912237548597,t
-8.559000081168449,-0.3525977345490728,0.1622853536227035,-3.5588835861019574,t
-5.793171251673175,5.649126466987874,1.8718516049910683,-2.8676492041031554,t
-5.771590794211038,6.678832475135604,0.47881103945849735,-1.4817989997234249,t
-6.541809187304997,2.7225672299537482,3.403894063500504,-2.1208317784114787,t
-4.526396515125733,6.855072411978085,1.298602058135322,-2.887916582388439,t
-5.85013771844237,-1.2215682612410765,2.713791802787776,-3.869237759451451,t
-7.548467171166466,5.845610448000749,2.169192045244273,-4.0076312542486825,t
-5.79737294254497,0.8953662340389607,0.5614986428058479,-3.661545406872453,t
-6.478232100154349,5.985268659229675,3.4088300692478066,-4.036864766322043,t
-4.557066355792168,3.3160219364787835,-1.6408407781117804,-4.946864763250991,t
-8.326903663830693,-1.5601735711032911,0.7881236647521451,-5.188694871005158,t
-4.779966335847758,8.28190935346798,-0.44634486879745294,-3.2979011294697225,t
-6.310575175931146,8.935885042550135,1.7366676689262612,-4.55232816426928,t
-6.157819171936132,5.28766439510515,2.6058488815093517,-3.4553238114197553,t
-6.442924709369303,1.6118544175996092,0.31833558334864837,-2.4524193326399155,t
-8.392739660424878,0.0007648112778494785,1.2873445876813387,-4.526348993367838,t
-8.919223915202815,-0.08759512889478586,1.4683909324498619,-3.7377623932729582,t
-3.2334714159452473,6.169490137826381,0.8479512089740299,-5.087382191885152,t
-7.956574097646088,0.8512861157287066,1.8791594859223255,-3.2172919955877064,t
-9.173499912475235,-0.14365667766260914,0.46374787896390834,-2.438072846061119,t
-8.929155352129747,-1.7901250562144706,1.071724304718611,-3.0047848130179826,t
-6.477512221855396,-0.506381107778137,-0.5481507516708922,-3.210506108119043,t
-6.158758847900956,5.427596873410477,-0.6768673789707529,-6.305381458940131,t
-5.784985493387154,4.594406669761212,0.24853709671052887,-3.421220559331635,t
-8.093043987958506,5.351327665513279,0.2003335057667929,-6.403291018339422,t
-6.352860198468697,-1.4261128137977672,0.14963502674070425,-5.698517145764438,t
-7.021311664537858,2.256071954166938,2.9813253106608815,-4.814113756215956,t
-6.482603848521044,0.3426693155126651,1.033425235689261,-6.471455313776703,t
-8.32103771570027,0.7386013137553064,0.9282976912278164,-2.7711278296940245,t
-6.914208916271737,7.120535806336337,0.48849850605033596,-2.8479166415992037,t
-5.091860989568567,7.761239237822154,0.09266450593663182,-2.854886984355618,t
-7.673438675333766,4.990333965251361,2.236328671457048,-1.0513527315966293,t
-4.435686398784866,8.043232218883327,3.7312578707063744,-3.9642491303932115,t
-7.693419278991197,3.8573651146849213,-0.811441120385385,-7.877650577620452,t
-3.0839551896683823,7.143493336403419,0.8879457604005022,-5.7678438043033635,t
-6.404898632013259,0.8321871579235455,2.0747553918327237,-6.270431329786244,t
-4.805330082442971,5.450466583148715,1.7875374494444383,-5.8320419028595945,t
-8.899335781595271,8.3952086179069,1.2168280414938881,-5.0920529002520265,t
-5.800598032849572,7.3294261295436645,-0.5929687048895323,-4.47937268182711,t
-4.862967649604706,7.0683886408888,-0.465383936841225,-6.845401783916545,t
-8.240566455701202,4.486463096713837,-0.4298082544885832,-5.618522222466095,t
-6.133409328834376,7.658606607022011,-0.08686986607544867,-6.665762164199816,t
-8.810851653472332,1.7170843445321726,-0.1403885176703902,-3.4376258713805665,t
-4.7344304942908115,6.4027296757355145,-1.5295123559894603,-5.466728275846446,t
-6.55588439447649,6.255275294338263,2.4289956366162824,-5.543310795601442,t
-7.350530533599136,4.469134106513865,3.1304884999606912,-3.2901823942010253,t
-5.677171950342822,0.9247644747604442,0.5610505504043725,-4.783371403595205,t
-8.68972510680801,5.9872106852656675,-0.5432055491772638,-6.425531626038636,t
-5.500821634382884,8.300152642799956,1.2229000834396613,-3.6831139188709083,t
-5.968325173366695,5.590849067730158,-0.2715397695231987,-5.010862958247302,t
-6.116032657012106,9.533194536646743,-0.82000077355377,-7.471022495611567,t
-7.633884029381668,8.365846011009952,1.9062442307668517,-7.240512090782544,t
-8.244006349863493,1.3763296554013633,-1.0726369336553914,-4.027288406434429,t
-6.943988567838312,5.963843035413005,0.7044184124944239,-7.804118293685358,t
-5.388044933650039,7.617645931693025,-2.1480356165107626,-7.938133386749621,t
-6.102065925242501,7.561432554000677,1.036344096989625,-6.71495724488969,t
-7.703221601982343,7.808319421714364,5.36185544487099,-3.4436278582310105,t
-4.343862422026792,8.946798240351315,-2.3510305552202997,-4.33136085506069,t
-6.471588955801721,6.142752908191353,-0.6358236527778708,-7.630895890774855,t
-7.003116046245243,0.26073531036495656,1.381240677812892,-6.065386971835674,t
-5.243032350743512,6.42070971614789,0.45336839237673854,-3.2709869406347116,t
-8.221757005704449,9.24246612030179,2.2199580593784116,-6.092264066677219,t
-8.72194880808485,2.7085693529191994,-2.9529801692667763,-3.665588897912734,t
14.190499874064487,1.551705736396987,0.9663652977162325,-1.7192808674841193,s
14.199161505434603,-0.5771287900017879,0.5506021531682472,-1.8525790966494224,s
14.113547186231356,0.27687377559474186,0.41828496165545265,-1.422022667270868,s
13.906193973285248,-0.0366218692319594,0.25382524515842114,-1.9059898212561646,s
14.017657148527007,-0.5038765744247082,0.3860039385498908,-2.1313690251391653,s
13.759829772263396,0.7653711878909848,0.8351593487924438,-0.7633947928991912,s
14.050619686103687,-0.20184613117943143,-0.4616105143987046,-0.6413350862541969,s
13.960712262372045,0.38329718875499785,-0.08414157653214896,-1.2105898396701817,s
14.204109084761564,-1.4543328634090953,-0.1301359186061326,-2.031408546012236,s
14.101704959650892,-1.2318327451044662,-0.36223406698219895,-2.6504373203743112,s
14.486727836381496,0.12979944267634047,0.41256088445158473,-1.2718603201388208,s
13.827556060018273,-0.4133295899114294,0.6356064099106508,-1.901282480447228,s
14.47546479619719,0.9995069782564364,0.1502434286089651,-2.13466139913537,s
12.891611231251476,0.40144979541377296,0.23185705089279854,-1.4962953368319734,s
14.840901472382262,0.4027453237439706,-0.16881191418589087,-1.8139948609351684,s
14.137167956390856,-1.5436708030010862,0.8855329529462673,-3.1254703333259513,s
13.252476700408764,0.5869615090528131,0.14959639022974602,-0.14585298215738152,s
14.482714629007067,1.066411662396532,0.46508507675478455,-0.9353006074002335,s
13.361652328355097,1.145673420197919,-0.441379579362309,-1.6291420289947816,s
13.588933455366183,-1.5805581667768551,-0.4195122823538813,-1.6265549552344105,s
13.369947630874345,0.2861968250544886,-0.056691819188646006,-0.6642799241867973,s
13.654737903439559,-0.8547468216270607,-0.13848062330981084,-0.9855894931329727,s
12.898612356837445,0.013871724921211723,-0.6766797909112103,-0.6424783075322076,s
13.014683320223002,1.4723343367749144,1.0085781365855873,-0.8468194085132688,s
13.371509163595164,0.3022686514490676,0.7510461398829154,-0.48451853597387634,s
13.877815642258673,-0.7454248984563354,-0.47273436226664556,-2.827419493031688,s
14.597574243881482,1.8029325231031632,1.499625770700854,-1.772911335983319,s
12.634090421765238,-0.4933184462485189,-0.3504592794409374,0.21109743196155994,s
14.163554834184838,-1.5301019478148834,0.8448480606317816,-1.6513613793679174,s
13.992508206700359,1.6807081163225948,0.02585092169463029,-0.7086747801052939,s
14.969990830059885,-1.8844739633544567,-0.9022342688604328,-1.9345009639469068,s
12.588137613320278,0.4823135842289609,-0.4711619254681222,-0.9669015802774231,s
13.781927837060012,-0.0980708863709367,-0.20802118568670702,-1.8874725856188344,s
13.763792492136536,-0.6064942731473342,-0.04745448278654939,-1.8749131178267557,s
14.273766471719194,-0.2987938610359261,0.15790122927503233,-0.32356795506187563,s
14.106406414385987,0.165398623917192,-0.1836086585673643,-2.134914995737339,s
13.401447033131312,1.9299379274815487,2.4390990917475337,-0.03650144984559244,s
15.30518602852821,0.925813790060737,1.2170066981216583,-2.237622732877429,s
14.153642679490092,-0.06805198405633954,-0.3314957287009136,-1.2331277964014022,s
13.74274003260188,-0.5002507944086932,0.8755512837289262,-1.853480181746859,s
12.85358624399788,0.606931224217956,0.1771804823881377,-0.8528763829519262,s
13.48567693521583,-0.31518029807651987,0.04990731450052852,-1.1963210258527879,s
13.466944233392098,0.08154270053946931,0.08386948044893246,-0.6394128727014542,s
14.459880784839497,0.9980976937156568,-0.3972554704333941,-1.2949062905281161,s
15.100990059543442,-0.3080015473485054,0.4253502502004449,-2.6766893042480784,s
14.779611096275179,1.3748205895122263,-0.3066768646669901,-2.6038903517722023,s
13.801611231929556,1.3237111007627014,-0.5096140024922641,-1.1186249212343986,s
13.340269298908067,-2.3276397524126367,-0.05949747403996343,-2.660730588789026,s
13.430730110119214,-0.6189693035566625,0.8793345002152186,-1.794038060179015,s
13.965042217399898,1.2692385370177341,-0.8068293749627052,-1.0090664138769048,s
15.09283406301723,-0.10959505851388748,-0.6556556877265021,-1.9396158675412318,s
15.28997865983143,1.2339479518307497,0.8557235258468872,-2.626993079133272,s
13.89605917373255,-1.212694845546132,-0.29822954749325986,-1.3987978135285666,s
13.169872943646466,1.11631385648095,0.7857562980464488,-0.4988415515009851,s
14.06804872559174,0.7289900784004898,-0.10584997142109481,-1.41068828599722,s
12.286091866943822,0.504063543919995,0.7785922058261747,-0.9841195291716905,s
14.307234617699942,-2.1880413160844467,0.3582672608584301,-0.867261954204024,s
14.393029595703055,0.5154644917167254,-0.028309110860226028,-1.8358672545454537,s
16.003465097276084,-0.05372440979993056,0.9200791677853642,-3.1014391303974467,s
13.550892940858038,-0.3472640646654338,1.417408243895762,-1.9774277812036962,s
13.992173320687261,0.11498753288904748,1.2998758166900402,-1.8551844269738995,s
12.955133499664383,1.0752008361149805,0.5662789746442428,-1.7609669496309772,s
13.258782539150918,0.03931799055033291,-0.9339981636302752,-0.021803152161006416,s
14.352735942041175,-1.7482233058906698,1.2334432562751343,-3.0621179670945966,s
13.162399917302958,1.0685731149851874,-0.3688062390321687,-0.4882424898013661,s
11.33485932742136,0.7666337220070086,0.35891182465170557,-0.7034610113764689,s
14.646979147790786,-1.434716365944906,-0.6411079024094767,-2.2537087493339434,s
14.359766567084385,-0.26269825865589336,0.18905897544795722,-2.8313684817112406,s
10.327059637848823,1.0448064839324582,0.003634735792946176,-1.2625329816252207,s
13.00580749855891,0.1557898094240112,-0.27822515060852815,-0.6556629666905831,s
13.588594453297596,0.07881455350697256,-0.4704289942297492,-1.6483986847788354,s
14.785542393671312,0.6599911196822901,0.45612013243125815,-2.701564830886422,s
13.06623560815137,-0.016693289229527564,0.7123314976264546,-0.7202008168002211,s
13.432571574549325,0.27230225879846304,0.13611949982722876,0.4683773182087261,s
13.777192942530778,1.561314885993742,-0.6164302625827326,-0.4246919139966756,s
14.955943718658197,-0.8543424690548468,1.8636005077757183,-2.447396368369492,s
13.743494257803553,0.4008391763034561,0.4063462826748798,-0.8153754685657606,s
11.801823087250478,0.9911787462540329,-0.9436142594984392,-0.005357542641669308,s
11.174114456946697,0.9327951158157498,-0.620987107989702,-0.3056041219774888,s
14.334797567703449,1.4339579060366603,1.6015449932275465,-1.3117528118333548,s
13.037465769737306,2.064521632243929,-0.5609843334494652,1.0413109953505635,s
9.848483456561823,0.9286957484316319,0.6563959308659044,-0.5673484434590989,s
11.220352464288057,3.9138786717063234,0.4051866014575911,0.6406939617842713,s
15.618756983354881,0.5308476078682637,1.4703869671223515,-3.445004695089419,s
12.274636435688295,1.7358929597481447,-0.641583559130794,-0.6062169696644056,s
11.099354186031873,1.0644470609500807,0.836355032201773,-0.7716806418002012,s
14.786228465977496,-0.9504108280823362,0.9106304135520552,-2.719911471708735,s
14.622787084876638,0.5780753407546191,-0.7800890874247638,-0.724470582627142,s
14.64348992333747,1.9220757291221193,0.2590277560841768,-1.367709974090393,s
15.18867415862382,0.7381002938172243,1.6152580426005219,-1.5432863937721886,s
10.65663373604562,1.8707100416031137,-0.7102336477871287,-1.2455113392695139,s
11.977265165699094,1.9645729039728055,-0.04341048407570868,-0.4277287105136375,s
10.371340448733845,-0.12212110376819542,-0.07216273186433723,0.5223322215285159,s
12.535296225834326,1.1509963188925425,0.15437685837924786,-0.880110576695492,s
13.498634847855804,1.0810238611409897,-0.04554836517468885,-1.559753454204708,s
13.222305348348668,-0.521694209102433,0.125454115848697,-0.2906250409125802,s
14.458065182708888,1.442019804073243,0.04003588261625622,-0.7535204985217919,s
11.899422127751498,0.9053170013817521,-1.8235770736174826,-0.3344650616640773,s
14.206244231071615,-1.537543704995155,0.5196993519534643,-1.1858231843691225,s
14.280606312396161,-1.1617696996561395,-0.2830892403765268,-1.422778450047948,s
11.710093715973949,1.0260628385513344,-0.8656075359230966,-0.3654333935859778,s
14.109712540772662,0.9862797958138936,0.2885599562313357,-1.2928584476957525,s
10.057601461990982,1.0656868020371948,-0.12550085195197325,-1.2429261292711296,s
12.116416005801929,0.36030141021074363,-1.2799200059217297,0.6825890349093781,s
11.700432601311554,0.41291043559291496,-0.7278359318250966,0.08129706473123709,s
12.88622900261736,0.7644727848451339,1.5783870019774198,-1.2936274778161534,s
12.581591199483814,0.041440427890436254,1.8380925038909108,-0.15724604416281113,s
11.30188619733119,0.9451828850875713,-0.3621768409307393,0.588878746593996,s
11.905697499064544,0.5303861145420569,-1.2227967299399927,-1.8574076108683424,s
13.017966026044476,-1.8873411472184638,-0.9899613068355234,-1.5170841472897914,s
13.359938567876254,-0.5992995088463854,0.6494987160400846,-1.2616314275554943,s
11.045099770640398,3.3629748978746603,0.45217927182138823,0.32245346255672996,s
14.265226737997414,1.6125612905761493,-1.4243776950934777,-2.4033078143818276,s
11.358893862944704,-0.7679966118849452,-1.126190736764021,-0.2381835694370187,s
13.042128232937898,1.3375315867204565,1.2966635374492663,-0.14632470065526498,s
16.157641428042634,-0.9945032966330258,0.017640758830530203,-2.9393636571703854,s
9.731513888239109,2.7583908589483936,0.8577508372578984,1.0816837485355857,s
11.136967622894861,0.7350028701058086,0.6771699771052762,0.18668933533123871,s
12.74097802954889,0.4502549891748843,0.002990696859759259,-1.920001287231904,s
10.432355674931907,1.2474145912032741,0.6051087987597569,1.7919035747443322,s
11.732043616058894,2.6481394205192936,-0.6645755644597353,-1.5017597218055807,s
11.794495586775325,-0.7305289957418901,0.8527231029554353,-1.0926764478481241,s
-1.2368601479256005,1.2973317135520077,2.4680910638636204,4.007532605157052,l
-2.762378980103876,2.0304003601158933,2.1909780970863353,4.036182580309264,l
-1.4235966080202958,0.6455931916813781,2.9163293121538545,2.581118028532202,l
-0.9711973190018393,0.6067016517146874,2.0277550401081457,5.450353735770248,l
-1.6473541053298906,2.227586781284222,2.6686526973872535,4.617345352719201,l
-1.870903223369032,2.0350205611245045,2.7460492292550915,2.8879124036848927,l
-0.85889573301401,0.24831028233038663,6.373618047363159,1.5372481465582408,l
-2.560400097915909,2.2162231518407105,4.122928307978799,4.096024273672182,l
-1.0944263461544312,2.0347806610197776,3.0630596682369786,4.335157691092707,l
-0.821173028997287,1.107213293666522,4.929054216540287,1.915158595490896,l
-1.8816832454264076,1.667490733140922,2.743820143113416,4.193018303026895,l
-2.1334765637910653,1.055057739537875,4.81914013587947,2.6010848088889893,l
-0.9732474213081013,-0.46914164126853636,3.7144651129803825,2.83828405261135,l
-1.5163395971353182,2.802192462493066,2.1368641047872075,4.728681334514825,l
-2.142771137555456,2.195611780409771,3.8156109255793185,3.210239558874404,l
-0.756769538660531,2.472119718665317,2.55713879370682,1.8033395313925475,l
-0.7740712050283142,2.18889833579012,4.156726396371203,2.339863944441459,l
-1.6119411226639386,0.931001127665292,3.6077205824173895,4.697483090284454,l
-2.6990654508587637,2.3242015688176867,2.459347697986842,5.541788887412853,l
-0.4243506045117842,0.6951172413756033,1.491792860974376,4.477400354476484,l
0.2767499138126123,1.7849302187417413,5.225151623881765,1.6295928979571572,l
-2.5468162212893053,0.43596797315570884,2.873689235543853,2.932920520615979,l
-2.018150243609693,3.525469531353697,5.494468673128739,4.9114945864399395,l
-1.575289160767302,2.9292991799943553,6.041040291140627,2.953149673415586,l
-2.1022192548390537,2.1766502452767162,4.872594609891317,1.8142154228845488,l
-0.560620371503239,1.65660477622828,5.771196472995625,1.8441315030253538,l
-0.0489394811335964,3.8611633153281053,5.0382555355141285,1.8449637517462747,l
-1.5003795840453191,0.6748401779182673,3.4385286888621773,3.198410103416006,l
-1.6067518193874903,3.015415825438394,4.83818606208012,2.27227775600249,l
-1.3434287045693594,2.0740479325309433,4.2452021378236005,3.431151095931783,l
-0.08842093395301243,1.8509256765346784,3.26778071482314,2.8776162872031263,l
-2.2155424063811076,3.7134553918080964,4.514788465184383,3.457592044247719,l
-1.0259030437060601,1.4448813882276634,4.84372565713648,4.05488985214569,l
0.09376123476326749,2.5291444620890213,3.709850858901823,3.5265014522675564,l
-3.11833229705105,2.1414213343895163,3.9024917460340482,3.5965017926202973,l
-0.970421046168455,-0.04894110302640816,3.873390911840246,3.057887194514232,l
-2.019891130304451,-0.11662994053263544,3.270640898799466,3.6898504835553334,l
-0.37524933921902276,-0.14472548295083665,2.1167358628960637,5.060986823204489,l
-2.9447489071130484,2.119531977989525,5.36302147612921,5.4114368531965065,l
-1.5298017272012976,0.8727724825734591,2.161272161097363,5.5444530476590135,l
-1.3832652835515058,1.5709382909546048,3.8880812756920236,4.476441020633904,l
-1.7872045939287833,2.660946960730376,3.772029374352568,2.0800733398025297,l
-2.5102584428395116,2.2302464998324942,4.766825678049876,3.866304605181312,l
-0.2638042928227343,0.759811064984296,5.423884164924333,2.8375709621379768,l
-0.21646134786615806,2.203174396295791,4.575885772327626,2.0185653249956803,l
-1.453928488710097,3.647757576437199,3.9695373041377335,4.528301543556502,l
0.29023688768784284,1.2730420322992915,4.387980675047028,4.739097736023458,l
-1.769988482298767,1.4721458550420667,4.003086564182334,3.7984964623443345,l
-2.4459122044113917,1.322787934842225,4.936640673550691,3.7306976636908082,l
-1.6126366814555317,-1.2083841577749415,2.542004656246955,3.2063996357870423,l
-2.454013746222213,3.1410397523484654,4.360090594379787,4.252527660271221,l
-1.698247667865908,-0.20836847897245506,3.1665015229004605,4.302678326251972,l
0.39417946533384846,1.6075786432383254,5.416264099664322,1.156852737054896,l
0.4743979020407585,0.8158655446001015,4.045507478077385,4.07621865612457,l
-2.0094941285781993,1.9856907903767844,2.759320477486712,3.3626533707848116,l
-1.0268450957928184,1.1462425429361658,3.942522072612808,2.6331949164085446,l
0.6471101363527272,1.5873836580216802,3.512926295897566,3.6651872010848954,l
0.006882379900851822,2.0557390525970733,3.311346528809673,2.2461629955752858,l
-1.968905717933449,2.329691532958082,3.7412940812127222,3.366852869563431,l
-1.087510738623638,3.985094347897978,5.085429487168229,3.074963595542406,l
-1.2650320007304332,1.9352622795841954,4.777294900729376,1.831554232196498,l
-2.347612350012557,2.8596871973254743,5.1413521100011295,4.2246802850787795,l
-1.406439716830864,4.30756611562215,5.955207102964898,2.2222766211402862,l
-0.11998513812761934,1.00723401389169,2.708534666025184,3.2081666766210586,l
-0.9960807411820655,4.294120585408248,4.626738157001016,3.9946919761132267,l
-1.0069051223392251,0.6642064751641377,1.7977320338794442,3.5330507576899994,l
-1.1191021467859805,1.2194738684284874,4.272179864495415,3.1209473221997475,l
-1.5252582640369068,0.06347881047159785,4.4000637672692555,2.428326945251889,l
-4.183337172159723,1.1497255207412624,4.289172797567741,4.287595204961176,l
-1.5979545897658984,1.6592487780435403,5.745105871978551,3.1906871752802903,l
-2.98907820484141,1.118105738468074,3.399192620666316,3.9861017594196944,l
-4.007037655855257,0.8953433940734614,4.772308762741854,2.8466096954106326,l
-0.40939827082816094,3.908505473535167,5.296369522406708,1.9180787272858046,l
-0.9580057291414817,1.7518686676424982,3.5636709625971057,3.8302666624001085,l
-0.49691975597771715,0.6198627942932486,6.053376740104558,1.9652172702068007,l
-1.27976173679774,-0.7061936835958151,2.986147260591818,4.2248548463684275,l
-2.4811904669931657,0.44919487751934534,4.780928597836458,4.237290729829658,l
-1.494879496592155,2.10383012610874,3.07483425823352,2.6302434779106685,l
-1.6664204662546007,2.0103260938304506,5.79709871834341,2.658313565685247,l
-0.7198283482321449,1.9570464497921165,4.864966005646298,2.781530671789883,l
-2.7396445488095353,3.0566896429548303,6.457470233161049,3.346388569096685,l
-2.138532852386264,1.35301774075221,4.962814630964801,3.2586551685930107,l
-1.7930416693118418,3.057009922841939,3.765073034003988,4.570224770614027,l
0.7872184748419288,1.4021632743080783,2.9646539700857018,3.2228424823467257,l
-1.6989491286845404,2.280896883882493,5.613925908489274,3.466302410408095,l
-1.2969464159746111,1.4794677121237723,4.287591671918725,0.47558507196839805,l
-2.1878314920544306,1.7294470926422607,2.1486050703858384,2.903537735464234,l
-2.257226118559897,5.638471907583199,5.066965211530648,3.2404610341896776,l
-1.6719143897822664,1.4231876377076726,4.541801403960069,2.1723765129631882,l
-1.1617361992140165,0.2878018013188476,4.911515534526722,3.072391923096831,l
-0.3522916840935097,0.8742938788654758,3.8531472172950143,2.2892592326140955,l
-1.8062737916668312,2.11338363533535,3.4083652483984705,5.797273247620429,l
-2.506355566481661,3.693220718194697,4.552948642217994,6.113034237047448,l
-2.7963347090899457,2.69343084201315,5.059729822053094,4.851021002394213,l
-0.7718152445037403,0.2997546062797531,5.905601091239604,2.9228887173145375,l
-2.0888734121927905,1.5370606071116533,5.797711827757552,3.1547870980656096,l
-0.796718030704464,2.0668815949173176,3.9820774741068496,3.2721627483554405,l
-0.6089483586255444,-2.228805511888593,4.392297708646164,3.5119849169522497,l
-0.18206349986980377,-0.26077080378451456,3.7219718028797537,3.5493666252349807,l
-0.3735046324436185,3.264359489457233,6.516417199755482,4.524988362393023,l
-2.3148095268443765,1.746804975496964,1.592817294091382,2.4056530951667576,l
-2.925242908016203,0.26704882799987184,3.303496117158025,4.406790626713838,l
-1.6840259318909039,4.253551489100931,5.452675606833765,3.725687921454335,l
-1.2749000367725785,2.2006133221491835,5.261443924054317,4.578157053634319,l
0.3341209533715624,1.6223323794175193,5.7424557723120575,2.238106132788157,l
-1.3298454658213978,2.098573937724292,3.860924271270757,3.118843314264623,l
-1.0211573827508034,0.39968124112931047,4.407247662379179,3.4462135223833896,l
-0.1598146622834223,2.3832672566950985,4.656004696952771,2.1278931763597924,l
-1.8160769167587492,3.001273830092349,4.500611009120619,3.984547068782926,l
-0.6373061835018442,2.7968723316355617,4.858307233831182,4.207282145256965,l
-1.9054275073261433,1.15614227646661,2.2289562474738704,1.9246714661580615,l
-1.078523075569144,-1.4749456866586241,4.8026692665208195,3.421734479471545,l
-4.765182107504994,1.376391376609999,4.238278782251825,4.82341110808409,l
-1.2482165003470083,2.197857068339637,4.309296380877398,1.9998892366493426,l
-0.019171784276744416,2.345364687151011,3.7454603837193954,4.579902130255341,l
-2.2256264157564405,1.3932663385928947,5.15819492536399,4.6620077510321165,l
-1.1202269126996882,1.1078267617971023,4.08319670550387,2.131885707517252,l
0.6380447110543538,0.9720118383778036,2.802319579066912,0.5976042045793432,l
-2.976464168922664,2.8647632740391504,4.7332989666738365,2.98809896681383,l
-3.618560672450483,1.669091401998049,5.37666401925326,3.8231792552649435,l
-1.0690432195900068,1.6738027809054978,5.069022710465601,3.08189574487631,l
-0.8023442511425765,1.3112696383196012,2.434424275869463,5.399144236119604,l
