comp_1,comp_2,comp_3,label
-0.8280379605586616,0.6144974113299841,-1.5474517367688359,l
-0.5658058785636557,0.4360107006905739,-2.087726178712155,l
-0.4105205876956764,0.426469934190586,-2.3493148705282154,l
-0.6046670694891939,0.40312842469021737,-1.9613373788591895,l
-0.6852450799201084,0.23852641071624106,-1.6454677396473267,l
-0.5271253185094363,0.007013640650830594,-1.7126577935740763,l
-0.8492552898885631,0.4986878484061852,-1.704887914838727,l
-0.5455158584962724,-0.26437333310004274,-1.5883087678985373,l
-0.7047888437288896,0.4781374671043543,-2.489097518205348,l
-0.7424433884246675,1.0676039626391487,-2.641577192868113,l
0.023036279006950905,0.10163241381459036,-1.2292709676161324,l
-0.7795762289310433,0.15862760978327461,-1.175448651962804,l
-0.8945477196221492,0.7681585061384022,-1.6209435888731722,l
-0.1233342701264075,0.3512539794841698,-1.014524358731448,l
-0.4354125736710194,0.9201679317530272,-2.5491388934342325,l
-0.2965094772293414,-0.32965799655815176,-1.9065315207367544,l
-0.1316738335712756,-0.23683792994088618,-0.6038674454687013,l
-0.8004802461539181,1.1108171677121046,-2.2380574293673017,l
-1.0156837175091589,0.39344325623434806,-1.997622535671839,l
-0.23860342055289857,-0.19073890628532175,-0.5376200585780074,l
-0.22641730244917088,-0.7217247211677992,-1.9565513486272474,l
-0.10642588152265767,-0.6664208937197398,-0.6942759989676309,l
-0.558111667147173,0.3834513631573349,-0.9801632111358283,l
-0.8338923994798793,0.5633210327685596,-1.9972598457155923,l
-0.7191912716839045,0.4257734280724798,-2.1204447077811763,l
-0.7039034551609338,0.9189794718083621,-1.1482980923113582,l
-0.8566005207635708,0.5391181027348806,-2.4725869399402436,l
-0.48565364828877033,-0.16339748668775175,-1.9159730993114343,l
-0.8350171867458864,0.5407363068964339,-2.56333701055355,l
-0.5845870260666546,0.02028065253589425,-1.7179459541423217,l
-0.6223669752946289,-0.2606110509552108,-2.2038917224437204,l
-0.7848489357578237,0.6401153834436003,-1.0929767169281974,l
-0.6061372770592658,0.8318502770715506,-2.133268596426023,l
-0.3248525112715241,0.3805267715798893,-0.8409895838386455,l
-0.7575662600937373,0.3349778511763608,-1.2058338934362858,l
-1.043277256322932,0.5963599200948456,-2.333037362072199,l
-0.9335892943574475,0.05300393132053274,-1.863547917135561,l
-0.5958329646883402,-0.20754793636871802,-2.5902060709066324,l
-0.5051823202084678,0.07351320196340606,-1.2708465287109632,l
-0.5683186435194644,-0.11920766505964107,-2.013230477161285,l
-0.45493742277517885,-0.07687031685619637,-2.3765564691154295,l
-0.5579209189977234,0.1714768438036041,-0.8431400215168805,l
-0.6055225417705551,0.7673757300970913,-1.1510228911753615,l
-0.7187280735939895,0.3050479251971467,-2.503658617394123,l
-0.2679283767248077,0.44910134463104284,-1.1781771266842667,l
-0.4534016817595483,0.29026748008479614,-1.444596509446512,l
-0.5517125866007667,0.05229015429109127,-1.2802093599270532,l
-0.30984781398312883,0.6074770379827283,-2.0049784258927965,l
-0.6763710065193281,0.13453228978291842,-1.2201101109796495,l
-0.3276258485180681,-0.15468412116650718,-0.7233272467271663,l
-1.1438695423170246,0.4807141255514858,-1.4260204424309415,l
-0.7908366488706404,-0.05932283171354753,-2.1115216639129732,l
-0.5276934639743738,0.1883558500831415,-2.700774405560285,l
-0.893378638964449,0.07234852992809417,-2.691437052572782,l
-1.0389011749187846,0.27753647771087764,-1.2572773485912656,l
-0.23000799855378015,0.6283692969369793,-1.474824628958188,l
-0.6740425678640087,0.010884242885126157,-1.6849095585081437,l
-1.271004852812752,-0.23864064670795648,-1.3993704504721196,l
-0.4900998620108975,0.0051851407689587755,-2.4292878242242857,l
-0.3396044992592968,-0.1821544668263569,-1.11543250231813,l
-0.8796465223197689,0.3664407499925232,-1.2676485743036823,l
-1.0780938488054674,0.4746454787580914,-1.270801830901435,l
-0.7316471563494455,-0.2814439643526715,-0.7089465570723692,l
-1.0966973865689813,0.5372396927480884,-1.6883058425872477,l
-1.0473598661326193,0.23819341040250125,-2.027257739139461,l
-0.2776704210740154,-0.16887188697080274,-2.4983037646638735,l
-0.2973475758466386,-0.4551347521341381,-0.7014013880921317,l
-0.9788050508627011,0.7247418124461219,-2.610883665148637,l
-0.5597702658729709,0.2402111089494739,-1.9038713498040136,l
-0.4799945652781352,0.2841155495900701,-1.190353509994481,l
-1.0774819444485373,1.1379600072728726,-1.570522579561505,l
-0.8869131654088754,0.14487304591228795,-1.3641072514895398,l
0.06972873871148573,-0.1740534720358895,-0.588734424851272,l
-0.2745287728403146,0.06366917457752774,-1.0313178736099295,l
-0.6285670719106472,0.32019884070298066,-2.091715810972754,l
-0.3272538414279558,0.1958295398744819,-1.3171634273405672,l
-0.8241801682167391,0.41260913323680526,-1.3755524071456633,l
-0.9563494777791902,0.22468397630876943,-2.1875561639231047,l
-1.124412172286637,0.09749584133812189,-2.242114022798889,l
-0.9033393546950013,0.8843568992247061,-1.9624076111458442,l
-0.5683263101830368,1.004406679125207,-1.9036961386158686,l
-0.5959895322437438,0.2814487679883938,-2.293723853413034,l
-0.7248059526903032,0.877506649260406,-0.9099515303027604,l
-0.2071630768288854,-0.3193089897609149,-1.2328238715632185,l
-0.8136161077462547,-0.07763986936213144,-1.2796734209186558,l
-0.5593948079092372,0.7608323398437441,-2.10805652503797,l
-0.8254603999907832,0.5201124744355806,-1.6770637954212668,l
-0.0944225185148841,0.04823540177843239,-1.6580772868606968,l
-0.7377296748369095,0.412312607075772,-2.3173435451911892,l
-0.7467343733898144,-0.17296588975227725,-2.1089258350228706,l
-0.2619904611720608,-0.11487851679419546,-1.0768619977366611,l
-0.01680485823617645,-0.5324265959384595,-0.5787892610549441,l
-0.6155144364771667,1.0887707674942149,-1.4431061368931624,l
-0.2852585497778538,-0.30097248075058863,-0.7446364996620953,l
-1.0016345120457995,-0.27020323435350035,-3.1051840376320716,l
-0.6141921076459623,-0.5049431218024304,-1.3447659311536195,l
-0.6260195806681238,-0.052867503977008505,-0.36597267076959566,l
-0.017599841847388345,0.1786239520470801,-0.4481206526596524,l
-1.076129806674227,0.24964077715067942,-0.8949012942814032,l
-0.2345619166715408,0.6469249286958827,-1.1519994037557038,l
-0.6970904093747217,0.2563595431457008,-2.3668487257063644,l
-0.49985187943846054,0.16217141459579937,-2.112114992746769,l
-0.4897150594315656,0.06807735514652472,-1.7580888067766942,l
-0.7764649467921504,0.3545392738515078,-2.447423641070085,l
-0.907430683207446,0.22161338447031048,-3.057315972090454,l
-1.134341759232176,-0.06070935467300274,-2.647776723879763,l
-0.6883467088657694,0.6220338207303203,-1.950181078442549,l
-0.42724788308250533,1.2419213099805968,-1.3338768408252875,l
-0.8597568272644733,0.18484926323413314,-2.160449357338491,l
-0.3983280919944296,-0.7377398546217511,-2.031916032934613,l
-1.0123703657505745,1.081282711792159,-1.7097208419408305,l
-0.38328432734976303,-0.09402886851290629,-0.8643019230509089,l
-0.7549113636953413,-0.026915228242650933,-0.9890453641127305,l
-0.6441140156825194,-0.106435592763558,-1.6959737104425239,l
-0.8643487995966507,-0.16874469783095639,-0.9750013225023072,l
-0.6182100441620456,0.06210142477618868,-0.5826562839812766,l
-0.35980022055996036,-0.7256426358672705,-1.0534957586534248,l
-0.17490381334213087,0.46048474447446114,-1.340813704392674,l
-1.0200693618268408,0.23880020814936567,-3.645372709262134,l
-0.18771322453499698,0.038104550552820235,-2.0866922787730133,l
-0.8967910189561102,-0.007439381433059627,-2.7360732859143133,l
-0.8755568460015956,-0.506178376055587,-1.3405960651322382,l
-0.5988542582634749,0.3987272137213512,-2.4317545314175244,l
-0.3259447702521717,0.2494595147708449,-1.6665533511068646,l
-0.7715233323076262,0.24327554651062233,-1.622388155048345,l
-0.0322548224682135,0.1198912855205244,-2.2216474147459433,l
-0.763683125111609,0.27578875674092734,-1.761333102143529,l
-0.9444923589695255,0.16324899830617673,-1.9957368937861648,l
-0.3276366206612639,-0.19956884256326496,-2.3292876558584625,l
-0.3311796872562225,0.03174342891815262,-1.686511731107613,l
-0.5557625220399471,0.5495149700099958,-1.030622901026341,l
-0.6870873015010056,0.01976979223684938,-2.0537312774698275,l
-0.7090979194856268,-0.04892730600857546,-0.9014274974853338,l
-1.4382784477637753,-0.3493892120517957,-2.9297025003797885,l
-0.15676042366229642,0.2719708858321356,-1.3322531472172052,l
-0.6506050215324425,-0.2863910748459657,-2.108302407443795,l
-1.2354796967812565,-0.03478143852084635,-2.4055276990424366,l
-0.7967195513462647,-0.03874462127051433,-2.417183339063603,l
-0.20045285256925682,-0.4232879200449281,-3.0708679000394334,l
-0.5693050289783771,0.9638332359080762,-1.219765341879237,l
-0.17977948134373264,0.4822961436607749,-1.2468231540736066,l
-0.7276228410758914,0.6638910657537764,-1.2981425597601608,l
-0.6366746061014232,0.6775775291930461,-2.0574041359762076,l
-0.5496885722740228,0.4324003072011948,-0.5540720092128917,l
-0.4794741647098189,0.608255431096579,-1.6361902956116816,l
-1.0963291048158563,0.21622510124769634,-2.345121268321907,l
-0.05917108873835518,0.7188191182925951,-2.0237088719237177,l
-1.1104570414808077,-0.3276171301739635,-1.0069741394547451,l
-0.12486904417661818,0.45497607551562846,-2.295955386109519,l
-0.16785615066219423,0.05959979867331177,-1.4526781176565298,l
-0.7200688361613067,0.5158291103282507,-2.645462459167472,l
-0.7296869270431973,-0.06505472504736193,-2.121676233380255,l
-0.23564401045532712,0.0687287232521483,-2.5929172950016444,l
-0.5887117878740395,0.6299823937352201,-1.4397083263507828,l
-0.7681863172904904,0.13066722498174113,-1.832072609672868,l
-0.2751167628148643,0.3320222181208404,-2.589565243009303,l
-0.07097215453110069,0.6175983481659986,-1.693924337854319,l
-0.14240059927517754,-0.6410123738723715,-1.2991234132460898,l
-0.32029102493319245,0.41409161206860406,-2.375201778852158,l
-0.6561252210944228,-0.7282263186446545,-0.7117659754391695,l
-0.9764891160173172,0.1708715797790177,-1.45013860744519,l
-0.38741378509384417,0.45367372954777385,-2.344390955272654,l
-0.43178063049243265,-0.4165752400720598,-1.2093217888881476,l
-0.3503220766154871,-0.2690129862846867,-1.6122661541901895,l
0.042405772506286646,0.3474203888243058,-0.08882917828411196,l
0.05531958012047709,0.3905204981259159,-0.21036043950113434,l
-0.2283174416942292,0.03972950479638065,-1.2150705483716289,l
-0.2072272532361766,-0.3123176426071767,-1.8164247793125847,l
-0.3315027981229953,0.5530371611721757,-2.3342698329904636,l
-1.0524680468301302,0.44578154751950516,-1.8671274616169737,l
-0.45209560178073965,-0.26248062958660523,-0.914384733006569,l
-0.10724551779679659,0.07486058277430799,-1.0109910597475467,l
-0.8323456966377463,0.24389728150067608,-2.4059705791294212,l
-1.2045519421957072,0.026751186400334692,-1.997211532092635,l
-0.6530042670835104,-0.4399980851940654,-3.1000704031841675,l
0.006051975285858192,-0.16816070110408116,-0.5755630853286654,l
-0.634713223984871,0.4104892935650022,-0.9752689938073805,l
-0.1925751052137513,-0.7962249629345558,-0.24178990474815135,l
-0.5003585764472863,0.6615180426977322,-1.5598654787925883,l
-0.9137898765596498,0.35985082915385247,-1.1000604154872087,l
0.11970015490721733,0.07632989607457068,-0.108930329231724,l
-0.6778366375169543,0.1441250196529467,-1.0993071499035827,l
0.08425412366646677,-0.6819183304181009,-1.4855661763531842,l
1.9654432265815913,-2.2537813998533656,0.34928219956570583,a
2.1060630337102153,-1.86805249750404,-0.10231654781631343,a
2.351038114807044,-1.511697996086209,1.1841240324906812,a
0.7764169174766342,-2.7958607189915354,0.5842091422291015,a
1.4995432160077766,-3.3438591196904364,-0.45611154148090993,a
1.9220386933469535,-2.9960312254797032,-0.5566183938397041,a
1.734328030883749,-3.0241472379981453,0.08030738850154384,a
2.157240898400726,-1.7318163911526943,0.20653059219801528,a
1.9445398522267863,-2.2907130820095105,1.0447149749411357,a
2.145276949721981,-1.1645361679532211,0.5706721820413394,a
1.9813801275474503,-2.89366998376789,-0.5524047894336783,a
0.9421420615494027,-1.3997641388274178,-0.05040294773390641,a
0.3151040429087479,-2.4660494451967048,-0.21472687093425652,a
1.7897765698175305,-2.166195093556607,0.986122146619762,a
1.0497037309468196,-1.1946653662623197,-0.7608637201744839,a
1.677259686407026,-2.00974849825277,0.8948680147311924,a
1.8772344928108868,-2.637463458359626,-0.05771455158385044,a
1.6512822518061214,-1.6049029306330187,0.8875715646038377,a
2.254609452937804,-1.5158901864254513,1.2529380037388733,a
0.5145195158655428,-1.6582596693080573,0.06324031237736939,a
1.692501946084694,-2.907838682573988,0.760978166678094,a
1.9668238683740986,-2.8479638107093823,0.28358629103434013,a
2.1645188420189223,-1.4971424456706557,0.3811141135958237,a
0.7210359039201965,-1.9450781502952545,0.5033186861106145,a
1.6246004264552527,-2.762746605740913,-0.40172938130611807,a
1.9492801792057939,-2.23953917431491,-0.7999361640016298,a
2.0225362525890263,-1.5018682169642332,1.052676681010966,a
1.2540512071983374,-1.927378433121835,0.2225385609663411,a
0.7138212901023804,-0.7098342748793208,-0.18045483804186907,a
1.5575564662435717,-2.036301747824499,-0.0034447840163439277,a
0.545539768904766,-2.440184659826591,-0.8714512043602098,a
1.8184318122932612,-2.7773087880464113,1.2152983977936505,a
1.9999467634658052,-1.232874353585273,1.2155378780294053,a
2.0566297293206532,-2.7423065632898744,0.4097585036292758,a
2.2592887696305017,-2.820231959226943,0.22528772156465554,a
0.7036097017389823,-2.3347434058494057,0.8506798958587708,a
0.9733261776107416,-0.3769495580759357,-0.16169045392267672,a
0.8413581242889855,-0.6862787958290242,-0.15402799467699763,a
1.2031122225865059,-0.9375274533814381,-0.14730503724527494,a
2.618203198776873,-1.7376307154387771,-0.4079203768083903,a
1.6556584542967598,-1.1552336782835164,0.5782467956440519,a
1.639428340381303,-0.5688746915945029,0.8427299849626461,a
2.46147340681891,-0.9581635810396104,1.2714376619325893,a
0.4443927671633806,-1.5581548747213818,0.5400117374906417,a
1.8271362391811814,-1.9935185034407024,1.148286991760229,a
1.4597894326617002,-3.253867117534298,0.3210339478526376,a
1.7344038601667575,-2.198823522977808,0.7620909230586155,a
1.5906570496755763,-1.4197994241966962,0.4918935891510079,a
2.208020290224954,-2.164729709141517,0.9066974756340647,a
0.7449395807086145,-2.5920480168122215,0.7912613583752806,a
1.939810106037796,-1.9307816799318904,0.6187374038036199,a
1.9419890605983379,-2.9867932251518763,-0.35779935257239387,a
1.874737539099959,-1.53290488336103,1.0167696635231207,a
1.0983708652306763,-1.3423228111741878,-0.18447309379097165,a
1.6834195841500432,-3.4041180840081733,-0.5351945563164092,a
2.3313188496028237,-2.7442083992464816,-0.452469738010409,a
2.0998095003027277,-1.810480832511174,0.14404838641324266,a
0.9381355836981363,-0.8934521246694053,0.17267159342959967,a
1.2613249890551779,-2.0238757252344244,-0.4461896780296431,a
0.8493538738579455,-1.7107740339152209,-0.610847939330097,a
1.384632668481202,-2.2366391832024193,-0.4529702330741839,a
1.2445501074561016,-1.5862791534233467,0.8610181003685358,a
1.6719292771730407,-1.466624886175296,-0.05378901953279877,a
1.0102449945245164,-2.291805694811014,0.39016767968104576,a
1.5405660822479144,-0.7403219762606912,0.3316651000318886,a
1.777627821951845,-1.8741739272655933,0.6488592644258263,a
2.4603874703991058,-2.1471574056356286,0.5166734745372474,a
2.2176089265321863,-0.91952226565223,0.45587293551299285,a
1.293040886228229,-2.1376168232557204,0.06052481593419263,a
0.6788568086379045,-2.8094234369956905,0.9883244874446361,a
1.788899717816583,-1.9802410386227145,-0.09181007535175748,a
0.5727624642183703,-1.1533303785089848,0.055879108658218,a
1.8663849819014793,-3.296028190101107,0.9521118069671439,a
1.8751258973440825,-1.3862845392174474,0.4255673101756718,a
1.8412820883667584,-2.550101078527987,0.7622115636558203,a
2.017719233561504,-2.7478887015513056,-0.43100602140170147,a
0.5155695900666052,-2.1831156322074707,0.525258353949899,a
2.4017329740620545,-2.7911240037591134,0.20121439973165797,a
0.645601249019146,-0.22214874444253485,-0.12915221804054486,a
1.8021797662824552,-1.4671661353707226,1.0294114848412992,a
0.9768257432338087,-1.8467057505777151,1.0253783386988835,a
1.7182418742738728,-1.9590599322729219,0.3694690984142756,a
1.3451483942737998,-2.254409965418156,0.10741013371366759,a
2.21398231993594,-2.1515535838311965,-0.2843082176063527,a
2.0666609325600245,-1.5857244751100212,0.041403473266627265,a
1.7214562429112719,-2.066705164562708,0.7238803099220716,a
1.677539022588294,-1.3600344388105907,0.48499597157403507,a
0.8969927222834773,-1.8950647607234896,0.3882575740435876,a
2.010026033679285,-2.412335353475131,0.14821834818901708,a
1.9941143909671097,-1.2780897074327044,0.7105791162097603,a
2.2464622298771424,-1.8436567634254024,0.646372331298945,a
1.7986384789387806,-0.9124493629672378,0.25457233382896766,a
1.1335750233175514,-2.027804442007349,0.5381797165327787,a
1.9374384372809321,-1.506835995042654,0.2807010253715471,a
1.6282414475617017,-3.31074481565214,-0.5444036950264554,a
1.6382870835476155,-0.9266522025650995,-0.04847319318932957,a
0.8383281669183772,-1.74047558980272,-0.15234254171175812,a
1.7885552938332774,-1.8789582841160775,0.37187046744215246,a
1.8001371806614515,-2.9945442857846536,-0.6487922160943401,a
2.105794852762253,-1.5526583414345088,1.1304295412465994,a
2.3274613634613583,-3.2796430774545584,0.8061989395083874,a
1.4303762888760112,-1.2841899707319482,0.05714386530751213,a
1.1395527334678737,-1.9867618459887189,-0.21394575744323957,a
1.46648490203228,-1.8008026036132803,0.5637270666779772,a
0.937663502937665,-2.0786797165546727,0.08505407595899406,a
2.075682237249805,-2.7508735754197824,0.5086096403297454,a
0.8324091197870793,-2.268223086546456,-0.0009340008643969164,a
1.7023892588388658,-1.7289829818032363,-0.32054477584447166,a
1.6207570659740314,-0.9414121733170674,0.746804177303899,a
0.6261413687523013,-1.3780018547502528,-0.3353492760434069,a
1.2869539841049802,-1.9403611710694981,0.23992733274822758,a
2.302065794212448,-2.5037096443296334,-0.47123429706235614,a
0.6676207274196401,-1.670714666069652,-0.10789444996589743,a
1.0056113115149958,-0.3515783792157142,-0.05618634790292763,a
1.8124647512132412,-2.3083603588292028,-0.1930507283398741,a
1.9107883723017614,-2.2801491860538583,0.9935352621919805,a
1.0966823599366646,-1.078302755411306,-0.26171494826909003,a
0.9830989772745254,-2.6561945276305727,0.2910093429337942,a
1.6531653665888686,-1.863715109818247,0.8354768462046613,a
2.2383896123869316,-1.8453838548854355,-0.24407280163991626,a
1.505047179384429,-1.6232156934192306,-0.22460650158257553,a
2.0714017647210845,-1.4542156702378113,0.6115726824856148,a
2.254246053443813,-1.6484919664340754,-0.056090491817086315,a
1.6804580048300433,-2.1652526144156146,0.16618162544877058,a
1.5984772711524742,-1.280062561757491,0.17073993353123004,a
1.2500686336520757,-1.1739617498647335,-0.19569374947124743,a
1.829001236979317,-2.839975457610125,0.06154181381468181,a
1.3257141855456078,-3.0955109389242135,-0.7450396361746591,a
2.269917187873509,-1.6922373384210505,0.48362645389755965,a
2.1466532444554454,-2.6624588419586415,1.2786519376422045,a
2.0076888929621726,-0.3886665866572253,0.48708829770318474,a
0.8568497801604122,-0.9590645643329928,0.15676090569777767,a
0.9896911932578691,-1.060429751625684,-0.040993746230663874,a
1.0734538010847903,-1.6879136646165114,0.5602629197392154,a
1.485533486931784,-1.6198413461464336,0.12906815698194782,a
1.3693250098977057,-1.6710638993715643,-0.33824286116524566,a
1.6820161198033103,-2.359701263623383,0.169646959092998,a
1.638755456404462,-2.8191773328949497,-0.06968257290024293,a
1.7574049193774897,-1.5176272275167004,0.3343293408901388,a
1.1418122943145945,-2.30620077809842,-0.42122389975643826,a
0.44367264709396176,-1.7351103389121734,-0.5348158121226367,a
2.4006011053133887,-2.4037310828687053,0.782778269944908,a
1.7598682539777928,-3.1369801092004495,-1.7531621415790852,a
2.1899919705143693,-2.536446719070649,0.9411663289330019,a
0.8886872932731543,-1.5185922637075553,-1.1268307356743472,a
0.7597138091811035,-1.7074805983759274,0.37354083347228123,a
1.280440562487692,-2.119624224915567,0.6190641647040386,a
1.2568597579209941,-2.224037247082379,0.2055815225945085,a
1.8203296964828746,-0.6307436286982566,0.5137875102798499,a
1.8546237353214874,-1.7505388356094993,0.6946453638608392,a
1.3296904405753565,-2.6917868860980807,-1.0657000392083589,a
1.6717142009785269,-2.4260079215330124,1.0436698154310697,a
0.8866717978437839,-2.91939463922515,-0.8098405576343869,a
1.5209994881224078,-2.5966813152759807,0.8679124074629947,a
1.3870928226706538,-2.5263578550941785,0.8546462662099873,a
1.3049369963833852,-1.9043257193634606,0.5754649667584842,a
1.833559427917851,-3.7111029660100283,-0.927927914339388,a
1.917776508070926,-2.734710553124421,-0.05317064917682153,a
1.2728812602788533,-2.5871178613844044,1.0769603081230013,a
1.0567728349872285,-1.675300132231306,-0.24129254425850735,a
0.9639553481257006,-2.3092460980935625,0.8315235275673002,a
1.6129580920582527,-3.2534439128074806,1.4572426510708043,a
0.7973043542423411,-0.5409848642474802,-0.3203973732874427,a
0.3153192491601137,-2.4110873197923564,-0.10261655634608458,a
1.9208539388515211,-1.2656939279719281,1.5679880691451968,a
1.7781259189273422,-1.6913398741775154,0.5764322194730581,a
0.9291714383843339,-0.9448573165373488,-0.9059602161760445,a
1.9395168997272614,-2.8935137391124504,0.7385351097849157,a
2.4191724744995455,-1.115058211175112,0.6194096178131407,a
1.9472496994023971,-1.7315273721757976,0.14763131540809177,a
2.3989097688733367,-1.024104078613096,0.36821928586583275,a
0.36308063270238494,-1.202312442296694,-0.08611836672248865,a
1.3203015107618628,-2.477971704530599,0.2762392380121413,a
2.539072190517963,-2.3949910041004867,-0.6112481925849726,a
2.4173276613897614,-2.3117108432462405,-0.21340779315490893,a
1.5713347735842607,-1.4766016188607107,0.007047824347753915,a
0.5405176114964078,-1.4286011054184176,-0.48576737814819493,a
1.6341087984543172,-1.6811612608174973,0.5395969441711769,a
1.696729390598148,-2.4222806239872092,0.10738973095415773,a
2.1248354201104402,-2.0789663120643436,0.8587365901280948,a
0.32832866862038346,-2.401552459331506,1.417989429104531,a
1.0843519029210362,-2.761887163330744,-0.03254903932841598,a
1.0501423657897748,-1.1514985125244437,0.393528525360772,a
-3.8352627427241903,0.008440909390589075,1.1202565488434082,s
-4.203683045947402,-0.42708134845735324,0.9216124773021337,s
-3.441331405970132,0.6082764312164938,0.6447962535735573,s
-4.050635447500457,0.3255836363537452,0.3431679331553424,s
-3.6017231172129014,0.4999081494404491,0.5383945241759862,s
-3.860093953394356,0.3750917096568398,0.5564167399810679,s
-3.906615939614222,0.40881640991438367,0.6721635202880917,s
-4.041416588797403,-0.7779289215799206,0.9344433289541594,s
-3.2395975842648435,0.25915294321755605,0.6318925566535245,s
-3.635433139793736,-0.43939449020010596,0.22470467270605018,s
-4.017321243472905,-0.11320894773555303,0.4959065579238935,s
-3.8073297502939702,-0.30350253649714115,0.7887037482138727,s
-3.3226400996584307,0.07796876541966312,0.46705368068660186,s
-3.3534298714575423,0.620274327810237,0.24586106871863994,s
-3.6379193807685515,0.9026234291035227,0.03636132875772433,s
-3.189788133397297,0.43023027157863736,-0.07133347805769144,s
-3.3316293777334924,0.1700214800295021,0.7757260067545919,s
-3.4636219898542633,0.6830522920550537,0.36661825571699064,s
-3.416187953125861,0.683670719346121,-0.5003075733511383,s
-4.069793401912432,-0.2740956923444459,-0.4128429633212428,s
-3.239549416458668,0.9790510261093968,0.46850399513715857,s
-3.5424560188763836,0.36267970390649135,0.7721859970899201,s
-3.395672750450623,0.5141137326729173,1.359181674863638,s
-4.00003320990581,-0.06756010505095732,0.4317677074311142,s
-3.739685824031753,0.14748335910372962,0.3156490202315452,s
-4.022473074776395,0.12085190705876289,0.24147242905450286,s
-3.533297032310885,0.477461898800915,1.0389213468777627,s
-3.201409124109688,0.10643095699971956,0.45863408561136976,s
-3.6522876508668123,0.6079880766809388,-0.07763009353799814,s
-3.6692091962931244,1.1302833586449772,-0.030479942285809664,s
-3.4698780181542532,0.504735542538569,0.1047292285342178,s
-3.0649733005252147,0.13097701379310334,0.20351952447617985,s
-4.114621408326787,-0.19791665980541653,0.5316743976683336,s
-3.4728858683611996,0.681414347548558,0.4452646527195395,s
-3.881027645033869,-0.49674572764359615,1.022372815846205,s
-4.037594568617208,0.2513834080174091,0.5560994692827229,s
-3.562143871681395,0.463297235810147,0.5831862050739088,s
-3.4143723781867052,1.2777640005466409,0.7178611399893975,s
-3.730330313970884,-0.43649119598880004,0.7252464602673768,s
-3.253246011129038,0.4915404286130844,0.7989620748247075,s
-3.7402613852686684,-0.16835591598287586,0.6742699595061675,s
-3.5814917870008873,0.09868614887112963,0.6303318724377774,s
-3.5643419525013433,0.48772997021655873,0.760458317638155,s
-3.882009191698788,-0.23077221700878867,0.3108564129698819,s
-3.6336045786904085,0.43510418775034243,-0.3304271598666541,s
-3.2691114040948643,0.4651309733111284,0.4799696177895654,s
-3.8287784919349166,-0.18209675631481353,-0.6513941703777058,s
-3.782966497204946,-0.5037895895982827,0.04613352097846984,s
-3.311816050616275,0.6695001871276629,1.2582748501981058,s
-3.4290865959329815,0.5840991972267192,1.3070555239097479,s
-3.5367572106069023,0.6715928015983398,0.8023978248283204,s
-3.620574084191319,0.8442169775997549,0.36870746012178907,s
-3.3245793816658242,0.4450633777611646,0.5194402671791025,s
-3.40693112526724,0.279054180786208,0.08693438801084144,s
-3.630795009273033,0.49849430962414376,0.9912566691717315,s
-3.350710983887139,0.7770006108902571,1.1213922914397683,s
-3.3388024350755057,0.4929262507889013,0.9824233494625074,s
-3.864477216663321,0.31533246151474315,1.2245740635827471,s
-3.4924425947946944,0.630199214547451,0.9119017760891195,s
-3.3414270546141096,0.5012210070402817,0.8519214370525584,s
-4.028412052571668,0.5727380914230644,0.07931941634349714,s
-3.6348975132691095,0.16044207186880657,-0.42825804998628997,s
-3.4964377444041785,0.48349209310320757,0.40933991351942695,s
-3.37943791122357,0.7203780302599626,0.6239649166770966,s
-3.27980984325746,0.5285153314592697,1.1218850322518896,s
-3.3322380131961333,1.0613017244695697,0.550484453214773,s
-3.4584871477247776,0.14877719318725577,0.42785306611277957,s
-3.5566674367075586,0.554140849759586,0.44157508483389096,s
-4.387776931073072,-0.35163468119124075,-0.22046481163300213,s
-3.409916671278456,0.92437377382038,1.1127926259089769,s
-3.4460717005451293,0.10941986745112911,0.7345929323421917,s
-3.059770381278592,0.5713095501144723,0.47276853408274744,s
-3.847155203213839,-0.09042559672859769,-0.1759336305179067,s
-3.5708949478285734,0.5978270498161062,0.6705704997800546,s
-3.208125950799236,0.5332583732943492,0.3488069538383962,s
-3.24433884408908,1.0893595273426897,0.8886673681767373,s
-3.939661512987824,0.03069601006484385,0.43753981816113796,s
-3.5035846265931347,0.6807066007283307,0.4871019895833047,s
-4.133692385291312,-0.1810799765201712,-0.4896459461468646,s
-3.4777299380082374,-0.08673052348025187,0.27246340065199187,s
-3.492599538601912,0.15305261309126275,0.3275886728838868,s
-3.431031398253365,0.03956513182857804,0.7873392407402707,s
-3.1989098172197985,0.5420224883492043,0.08123597430315208,s
-3.9619259710051216,0.7498739483354052,0.23107201107898181,s
-3.8050002686683215,-0.08040233095695516,-0.26768439344842176,s
-3.6584306818041528,1.231394407708008,0.551406108096323,s
-3.830081782427442,0.7770412614874316,0.616376024602783,s
-3.638225897813825,0.8902689749768119,1.2950056556363398,s
-4.006483600871209,0.7489080177146206,0.2025234858845379,s
-3.4937295208681536,0.33878313411616395,0.723877489531229,s
-4.117536675841121,0.11188024469542582,0.8454263088224778,s
-3.536346805973856,0.4871857065385724,0.46126987746193643,s
-3.6617628145773935,0.8567823348309525,0.222150269186537,s
-3.318265245489406,0.6557202514635754,1.1494947642793554,s
-3.420101490950884,0.8871657655812922,0.9985251826099028,s
-4.188094826127624,0.38697978302923236,0.1941234763002106,s
-3.6518088354369826,0.3212066277161944,1.0245937878706286,s
-3.5086653588640107,0.5808335991286131,0.7335701391723491,s
-3.3081148157119045,0.03997069593257361,0.9110154012017339,s
-3.6857395003990465,0.6600686493409476,0.6455599755772432,s
-3.2647738290220496,1.1050510818604968,0.11018539063235092,s
-3.637338465711945,-0.1247635730987409,0.7624045636276136,s
-3.368119010436625,-0.018820602203481814,-0.32379197753260613,s
-3.8447238223101308,0.4940681397991013,0.6775713910870345,s
-3.548774556739684,0.22304286086845576,0.10217847969784703,s
-3.3679013992338587,0.420532326230136,0.3590359012289664,s
-3.594305143032326,0.2848595416589926,0.2648261172907537,s
-3.5508680995948394,0.20614458576481992,0.7268995803527937,s
-3.245564195796057,0.1504534009615016,0.743597639051304,s
-3.4563376605022116,0.9690910626816323,0.16458586265051783,s
-3.3073374775066586,0.05075494888467367,0.11081363449625702,s
-3.4891984551453765,0.14620262599691936,0.4102460403961392,s
-3.604465213262905,0.7280390061853075,0.5826546962813284,s
-3.5351528203682756,0.4513481381002889,0.42313834917643534,s
-3.5722526587594703,1.075463725474916,0.9624037876834073,s
-3.6531733106863538,0.8344454363894531,-0.2203854177345607,s
-3.429946373748033,0.12374780858726832,0.8798361371688049,s
-3.6761781588115645,0.6855444534024909,0.12653805805879093,s
-3.2831582895406743,0.6620174615089774,0.9619202023645734,s
-3.7272268015013243,1.024721908106514,0.0721175037465478,s
-3.564152245907667,0.6954967281788326,0.12219291314349467,s
-3.490881345253704,0.6360911852203627,1.2674209639972287,s
-3.3834448524532315,1.0718018039237096,0.38610315969067915,s
-3.4087395639011473,1.0578476671883552,-0.32914138258431314,s
-3.58291037867773,0.3398540824494199,0.84638793175578,s
-3.607366625296907,0.8153903229244829,0.1571133524136418,s
-3.4571620225015094,0.695516411132278,1.762938404558558,s
-4.012733464656013,0.248007691091747,0.7849434911911654,s
-3.1454802455309796,0.5435915734683756,1.0963729778433184,s
-3.4701007780762323,0.6070169063609074,0.24074990428281023,s
-3.5480291884455357,0.7103623756058745,0.009262225735556144,s
-3.8968003523867134,0.9661398543952981,0.9580378940915771,s
-3.7875344952492904,0.0119922747959135,1.4639037740218133,s
-4.073978275818258,-0.06486558187916013,0.4638077785404887,s
-3.631543420196424,0.49979507602195583,1.0350969773390057,s
-3.5926571556558318,-0.021336480222123057,0.8385319019190303,s
-3.28319720651224,0.5274195355972559,0.6361154680437627,s
-3.8396650946994955,1.4602126439138852,0.1840235495645099,s
-3.4561821374796717,0.0809056620801219,-0.08900771345265975,s
-4.277043564341,-0.41921146957517846,-0.28077735169442464,s
-3.3726089688406287,1.0743434914171406,-0.05069570371323026,s
-3.3569560048098523,0.6281278778076258,0.018249880122877316,s
-3.5484692669671873,-0.1395596637330428,-0.15999004681911244,s
-3.6393100529724487,1.196605623435597,-0.5840878016436721,s
-3.9895790912944293,0.3626991850059412,0.25218671599455766,s
-3.636846262060957,0.735938110100142,0.2943563643595384,s
-3.5798732523594814,0.8946434143846258,0.0612920061656008,s
-3.6279349686370104,0.07865833816271067,0.4379377167993062,s
-3.4588603481484466,0.26472308294636826,0.2239058935709365,s
-3.780456287013009,-0.2782467106417064,0.6750247681454765,s
-3.48948064806401,0.9839050149718729,0.7390987625327017,s
-3.3535645032537813,0.430219066548994,0.5291245187029675,s
-4.128719388576668,0.5992077619643117,0.7018215917535741,s
-3.363354970270417,-0.28494221576124595,0.33497944570199517,s
-3.344617566196686,-0.2535001181849992,0.06200202934600149,s
-3.425095688131894,1.2820809529388983,0.1671714635428134,s
-3.5732316155169834,0.08975800802191546,0.056301597870148004,s
-3.591076657343016,-0.43729942903569674,0.8608074539171721,s
-4.25212859758129,-0.14085582314407222,-0.4590411539698531,s
-3.657032999940412,0.14547002769940803,0.32692357561775104,s
-3.8732576901375513,0.9335193900792587,1.005858628320752,s
-3.3988310835134667,0.4180858362998065,0.2435923508255375,s
-4.125400550673679,0.32281080981123866,0.09290000774699954,s
-3.4098601370271786,0.7592984181675376,-0.3081243777513369,s
-3.6433255407628904,0.19989997483916858,1.2106947657853686,s
-3.405519282147709,0.3616299129583568,1.2988961148224367,s
-3.527931179623756,0.37104656829480925,0.6094906898857319,s
-3.296968898649367,0.10854825963105463,1.189871949176093,s
-3.455989065067613,-0.0003411686191866689,1.2224255273696993,s
-3.377289979145896,1.189133235259463,1.0063726157261987,s
-3.4958518496331763,0.7449547887927338,0.7154193599952214,s
-3.6626403053593104,1.0452907858047245,0.8616697282762397,s
-3.4496137694718594,0.5366735111471082,0.9091093754065553,s
-3.284943773429869,0.3149430091082243,0.27750203804517865,s
-3.7490512305071806,-0.35129215337984254,0.25898360392538716,s
-3.5752679693742504,0.6770197730730554,0.9648302158525849,s
-3.611028946152066,0.6071353158342654,0.4015817006386795,s
-3.5052718137983994,0.5592940439824413,-0.14838687746204915,s
-3.5314426191808925,0.6908707305398183,1.0115913510408219,s
-3.8275465093778713,1.05213216699628,0.9886103150434147,s
-3.2722262322254,0.9180729340952956,0.45780244685713056,s
-3.763625407837181,1.441773071215338,0.43944102438376625,s
-3.451088886038212,0.6070496442825433,0.9798302280298041,s
2.3015755564011626,0.08096843885061315,0.42828692055958895,t
2.2199690201305016,0.6813587001684177,0.5880666927089033,t
2.3029146570114025,0.7387671905459416,0.6572698601649539,t
2.424593475167817,0.28869934183037665,-0.24702272453435128,t
2.7155548364430926,0.8994668613793746,1.8410372553570193,t
2.760968350649284,-0.16504374044667644,0.49387418942510414,t
2.6469857340967278,0.49050072526994803,0.10615854473306267,t
2.336515993689271,1.6548512985814428,1.1121364295386733,t
2.5152537448329984,0.8699359234734444,1.30689449780151,t
2.720087133333344,0.49912639882784426,1.6840573455533514,t
2.8940942706109682,1.0286588388835063,1.1482321909606024,t
2.5489942302372812,0.4824166923469321,1.4361707701504987,t
2.395814805844221,0.7495862849566384,0.8281403427384013,t
2.1484085957583527,1.089008099077317,1.2840331502014877,t
3.007125166314197,0.9618232696347285,0.9599728255297935,t
2.367996943896803,0.8987279569926776,0.6724046031897957,t
2.4617917657736523,0.10809786894904017,1.1191249371482623,t
2.7468069478355663,0.4234777239581664,1.6421228548385773,t
2.351817022967089,1.6367813127894495,1.4405715422394167,t
2.6764831191340295,0.26294653642616733,0.8734977128154998,t
2.8478413859233935,0.4509134973100119,1.2370123477636854,t
2.8694288771474827,0.03467178770231718,0.5413590770765467,t
2.8406832478498245,1.2146136534238017,0.9681189385363383,t
2.3360462770775556,-0.11354862673658278,0.9165676938149465,t
2.091234285545803,0.9704397081116104,-0.16359360001241466,t
2.398392237387861,-0.25611977464508284,1.2784586692627098,t
3.098764230164093,-0.3228938582893841,0.4096269131659838,t
2.9190230223135125,-0.03185049621225282,0.1058583045183504,t
2.1762557684294577,0.7232892169681941,0.4699201039605247,t
3.006070033705657,-0.1552625296262864,0.6508786877660381,t
2.3898969763597147,0.9405249458639189,1.4435309287635951,t
2.5866544910698224,-0.573036079801041,2.264134657087097,t
2.7073008812103327,0.9538478479384008,0.23307663724851796,t
2.4091293779145473,1.5655164115987825,0.6855177203453238,t
2.426416764314675,0.47144629837333657,-0.3320991853164709,t
2.1937362262863287,1.660977538327619,0.3489012718070085,t
2.488569590237184,1.4241755084060972,1.7531911357627017,t
2.851129614709345,2.0365365317555,1.649011229395667,t
2.493791544175336,0.46596772927532365,-0.11569692171739783,t
2.4323093502967548,0.5905369364441612,0.8987508659948307,t
3.0675457761147302,0.33305564702901735,1.1004435852782541,t
2.857318987864732,1.088789984957186,1.6085467816271486,t
2.5618790692434503,-0.2425089861977792,0.4864231764615425,t
2.4703272383713912,2.009378722846484,1.5525732877304423,t
2.647591343739875,0.46987363267632665,1.6111259938769806,t
2.4446891356027423,0.4339724506105875,1.180623288325808,t
2.3845344259722014,1.7778962685474118,0.6118654901198963,t
2.893638904097294,1.1300694285699242,2.459104008303157,t
2.764963569731269,1.0241071861715194,1.8224258428009525,t
2.3069630677370685,1.2877934688974928,0.21341572458535082,t
2.061828656465804,1.7317578459929266,0.3385240470665426,t
2.6930848126242934,0.8076721950778301,1.4196197629052916,t
2.866211428085545,0.4234928470674142,2.2704115830516476,t
2.7735024705003792,-0.17193727202967068,2.572926193792289,t
2.5915149460052853,0.059891460728662485,0.7540175234684812,t
2.894793483703161,1.6439409790774124,1.46246608822887,t
2.5788434012223496,0.6809620341003703,1.6197937277157495,t
3.0949262274741747,-0.007253285325274366,1.0689639066087404,t
2.2763832993114694,0.5668921480221564,0.4702293332953046,t
2.978039664888692,1.558396529337534,2.010348931142568,t
2.591564224610799,0.5381616508361713,2.1042503181128103,t
3.108010833425638,0.5763761184519274,1.1115171602407996,t
2.271171980828263,1.4607835907713416,0.4233866596974923,t
2.8812559484474507,0.9070334764505081,1.7424534970352465,t
2.6436116322409906,2.0860346471637348,1.5586005150455242,t
2.3565874048244404,1.610711887201044,0.08340140737438814,t
2.292671654863895,0.9548872588505286,-0.10714437432604533,t
3.0953326088115065,1.253317511615711,1.7601651640399094,t
2.876707513959218,1.7901027687332003,1.6266919807184206,t
2.26578831021063,1.385987521460908,1.3381185891307343,t
2.896589363216203,0.5186785689523157,0.939446477942621,t
2.577366121731085,0.6635295786405195,0.5403433473373932,t
2.2892383848030953,-0.008092763434465935,0.6935807661917038,t
2.6284214038482894,0.4143714839190028,1.7180985289446595,t
2.955810385361526,0.45547202029144035,1.055982347961515,t
2.760879463833132,1.421016728341317,1.4637857068567401,t
2.6706817999486696,0.7499064935091696,1.651531403231538,t
2.7435940645077213,1.2968362676738006,0.7168372730469772,t
2.7322748184161703,1.1976405521757463,0.5908746184606827,t
2.5898115402123625,1.7773244392791798,1.2350871588047607,t
3.035540894053718,0.4418925539733104,0.5980245009453266,t
2.867425716939601,0.8209121726381916,1.1791849166734873,t
2.176262138958294,0.3559514273331147,1.2238345051193456,t
2.7210661307708586,0.20472997746011165,1.144424238992835,t
2.9339880636837687,0.19328694341206554,1.8612119673688492,t
2.3601224419780484,1.0499931398118774,0.054573234017668844,t
2.8446855726644125,1.0779071817308528,1.8597212494161353,t
2.3854907754112777,2.8232400649582554,0.37172132737980074,t
2.4991486779325607,-0.3988668839338105,1.489013268438934,t
2.2693303374227005,1.5822157584411907,0.813738323388993,t
2.6588682683550102,0.3105216548632564,0.1673866274727833,t
2.8990920743782946,2.41980047756341,1.0051118775742234,t
2.5273200883585694,2.726504062041422,1.753407762445913,t
3.0608150515284844,1.1239337231529094,1.1754930460243538,t
2.494710488686852,1.5538595573061873,0.0839588127445266,t
2.587840469484203,1.8783243913219554,0.33025417177699773,t
2.0932127222897683,0.41428762662959545,-0.38001281504133466,t
3.2937892499074337,0.597447199383036,0.8360739394660232,t
2.6085654921513197,2.9165845965052504,0.5040634310291603,t
3.3510651180338296,0.8874099280866663,0.7081552949302425,t
3.1062881746956186,0.75869177792356,0.30335121672454457,t
2.1486330528435897,1.0486514647567118,1.2380667358451658,t
2.337637192479597,2.15932179177539,0.7446821877421997,t
3.0072022393906286,1.4297176545013461,2.02703527049912,t
3.0578908829787563,1.4995289546272446,1.8867337617640945,t
2.435900115651275,0.6622842288630898,1.790000810653516,t
2.816899234387624,-0.1309607240968224,1.1467107049604732,t
2.375445572020302,1.3867014289195896,0.942452416918181,t
2.6245971733895224,1.3730639618812417,1.1567857836536364,t
2.071302189707517,0.5083867472762095,0.3258652344293344,t
2.809164043341041,0.8897226770314176,0.9236741591550491,t
2.3016169967157576,2.5013693544972124,0.57854814639051,t
2.701204402829067,1.2528768506918015,0.5289900436049685,t
2.964990837603656,-0.04496242684908779,0.36659520358390785,t
2.5973724039099384,2.6615557688600164,1.7031460204751274,t
2.6538054009049143,1.8156229665317885,1.9963867342820476,t
2.369765450631899,2.377873666807489,0.7943399661048134,t
2.445906381518565,1.6351864844789714,0.978635122623603,t
2.2560370643736856,2.534986682589817,0.5564790725348191,t
3.1799758635080195,1.7087710454355776,0.8652989238062975,t
2.3633565310573257,1.4690549298184283,1.8147044360948492,t
2.590201066909349,2.123216634410684,0.3702981875331291,t
2.9090838124875584,2.1049074845584705,1.4572497075803696,t
2.7492419251271207,1.1899234945176522,0.41487959590045237,t
3.233752355025962,1.4009170204743864,2.3027970396256325,t
3.232430782041954,1.892077693898036,1.2515772933607612,t
2.789843655193334,-0.057238187517639684,0.9918338007688997,t
2.5232149945872395,3.427213442328527,0.20481484848257545,t
3.033348999184359,2.971210367652152,0.726633612167822,t
2.8525684354301446,1.3433596078547956,1.0707501722126107,t
2.644430655075606,2.958978692992645,0.7363613736729835,t
3.35829442756473,0.4479776896273118,1.129549416957877,t
2.175300379218233,1.4857555517992542,0.5258032737103228,t
2.8914918478471443,3.1943701888029636,1.1125816061972018,t
2.9360950283313008,0.059395226169424366,-0.12771969056959323,t
3.034835429661491,-0.05641892165623877,-0.22726114646277568,t
3.0891438806998868,0.7845525903468242,0.893562099756891,t
2.0818160417660287,2.6117835863019456,0.9941599103785828,t
3.3830740960789347,1.486245614645541,1.1196750025203808,t
2.823787709235832,1.496427608713606,-0.3556867656383074,t
2.129469821750618,3.21696922060067,1.2801330414539989,t
2.271445196829768,1.6057681982207002,0.7463619100047075,t
2.260557026110278,3.3599683677840737,0.9711688660466444,t
1.955722486465262,0.3031381763426634,0.8174467352595648,t
2.6722266416999876,1.9362845835306233,0.2316943489014685,t
2.3506068280152146,0.5824821098246016,1.7173351389370608,t
2.4287726873972595,2.2807972765446927,1.377482394636863,t
2.274772402388463,1.7453166229924724,-0.43831831781383174,t
2.604963677564371,2.067321058426213,-0.31239128188799326,t
1.9322624975943437,1.8158128714317476,0.02958201937791864,t
2.0122660245597768,2.382836258806632,1.555850703042082,t
2.8371543040820395,0.5834432540404891,-0.2886463524100022,t
2.814993623424547,1.8908695432366427,0.9948953930038881,t
2.7215081826383543,1.9826410745794345,1.5266034401521,t
2.1741667585742013,2.2433238885485958,0.4829955589312926,t
2.5581649340091555,2.9939029319000086,0.3401569475150531,t
2.6280110663314074,2.4369011761858093,1.6865095288839076,t
2.2943942227070537,3.2158848934728836,1.7225033412746493,t
2.9340618640675165,0.9365280133507726,1.5237896580060863,t
2.1017741342359093,3.309050956489804,-0.9443010993000642,t
2.667366168728703,3.0007836417038547,0.8871940195042141,t
3.017299655182068,1.1487381907228547,0.527566853493653,t
2.8080564913910293,2.33137388594458,0.8877830688037257,t
2.7933035564824418,2.7625707225537712,0.38257491390569365,t
2.8073023695118167,2.783438648182493,1.0207617073872102,t
1.861784925876647,2.379035256781005,0.5812932564438792,t
1.748806000207759,3.460869946197875,1.242296741129541,t
2.8979331643812416,1.4486011236337357,-0.40220114660978223,t
2.6809985073545586,1.1032576021298064,0.2591469250769898,t
2.8756755871261586,3.3202297625386046,0.7370405877778811,t
2.4280584607353948,3.756322857422622,1.2608010244524246,t
2.9666764219677066,2.6762393360306382,1.9665051899824768,t
3.055519490983644,3.210979841781749,1.4675790118898346,t
2.154064817871135,2.9415855328706155,0.6159115163788245,t
2.9574111564072187,2.5051827447750794,2.908397841980163,t
2.5470854339937983,2.3494825091720006,-1.0286523659946036,t
2.882122879174525,3.2573571636822543,1.804005858544791,t
2.080258717737093,2.893325842139026,0.2661471411215218,t
1.9603362833879014,2.74524479638398,1.4927290259597596,t
2.7999969305260177,-0.5066111092846268,-1.1689186752730478,t
3.030641205168856,3.0089952317630178,0.26385227651977394,t
3.085822193705546,3.321512173300942,1.4435580196476085,t
3.458634609941506,2.1149436821771217,0.5102100564845317,t
